'C-K-RAS	KRAS
1110035O14Rik	NAMPT
12CC4	FOXP1
14-3-3E	YWHAE
16E1BP	TRIP13
2A-DUB	MYSM1
2ADUB	MYSM1
4Ig-B7-H3	CD276
5'-NT	ACP3
6530402N02Rik	APH1A
6A3-5	ARID1B
7B2	SCG5
A-116A10.1	NAE1
A-388D4.1	SNX29
A-MYB	MYBL1
A-RAF	ARAF
A12.2	POLR1H
A135	POLR1B
A190	POLR1A
A20	TNFAIP3
A2ML1	A2ML1
A43	POLR1F
A49	POLR1E
AA	TEAD1
AAD10	KMT2D
AAF-132	CTC1
AAF132	CTC1
AAG6	PRKCA
AAT3	TGFBR2
AAT4	MYH11
AAT5	TGFBR1
ABC10	ABCA4
ABC16	ABCB11
ABC42	ABCD1
ABCA4	ABCA4
ABCB11	ABCB11
ABCD1	ABCD1
ABCR	ABCA4
ABD-B	HOXA9
ABI-1	ABI1
ABI1	ABI1
ABL	ABL1
ABL1	ABL1
ABL2	ABL2
ABLBP4	ABI1
ABLL	ABL2
ABP-280	FLNA
ABPX	FLNA
ABRA1	ABRAXAS1
ABRAXAS1	ABRAXAS1
ABS	DDX41
AC19	POLR1D
AC40	POLR1C
ACC-1	BCL2A1
ACC-2	BCL2A1
ACC1	BCL2A1
ACC2	BCL2A1
ACD	ACD
ACG1A	TRIP11
ACH	FGFR3
ACKR3	ACKR3
ACN	NF2
ACNINV2	PSENEN
ACNINV3	PSEN1
ACP-3	ACP3
ACP3	ACP3
ACPP	ACP3
ACRDYS1	PRKAR1A
ACS2	ACSL6
ACS3	ACSL3
ACSL3	ACSL3
ACSL6	ACSL6
ACT35	TNFRSF4
ACTFS	MDM2
ACTL6A	ACTL6A
ACTL6B	ACTL6B
ACTRI	ACVR1
ACTRII	ACVR2A
ACVR1	ACVR1
ACVR1A	ACVR1
ACVR2	ACVR2A
ACVR2A	ACVR2A
ACVRL1	ACVRL1
ACVRLK1	ACVRL1
ACVRLK2	ACVR1
ACVRLK3	BMPR1A
ACVRLK4	TGFBR1
AD3	PSEN1
AD3L	PSEN2
AD4	PSEN2
AD4BP	NR5A1
ADCADN	DNMT1
ADCL1	ELN
ADIR2	NUP98
ADMCKD	MUC1
ADMCKD1	MUC1
ADMIO	STAT3
ADMIO1	STAT3
ADMIO3	CBLB
ADMIO4	PDCD1
ADMIO5	CD274
ADOHR	PRKAR1A
ADPRC 1	CD38
ADPRC1	CD38
ADPRT	PARP1
ADPRT 1	PARP1
ADPRT1	PARP1
ADPRT2	PARP2
ADPRT3	PARP3
ADPRTL1	PARP4
ADRM1	ADRM1
ADTKD2	MUC1
AF	PSMD4
AF-1	PSMD4
AF-1P	EPS15
AF10	MLLT10
AF15Q14	KNL1
AF17	MLLT6
AF17q25	SEPTIN9
AF1P	EPS15
AF1Q	MLLT11
AF3P21	NCKIPSD
AF4	AFF1
AF5Q31	AFF4
AF6	AFDN
AF6q21	FOXO3
AF9	MLLT3
AFDCIN	POLR1A
AFDN	AFDN
AFF1	AFF1
AFF3	AFF3
AFF4	AFF4
AFGF	FGF1
AFX	FOXO4
AFX1	FOXO4
AGM10	SPI1
AGM6	CD79B
AGM7	PIK3R1
AGM8	TCF3
AGM8A	TCF3
AGM8B	TCF3
AGMX1	BTK
AGO	FBXW7
AGOTC	PRRX1
AGS2	NOTCH2
AHO	GNAS
AHO3	HDAC4
AICAR	ATIC
AICARFT	ATIC
AIE2	AURKC
AIF3BL3	RELA
AIFBL1	TNFAIP3
AIFBL2	ELF4
AIIDE	JAK1
AIK	AURKA
AIK2	AURKB
AIK3	AURKC
AIM	DNMT1
AIM-1	AURKB
AIM1	AURKB
AIMAH1	GNAS
AIMAH3	KDM1A
AIMTBS	PDCD1
AIP	AIP
AIP1	BIRC3
AIPCV	HCK
AISBL	TNFAIP3
AISIMD	SOCS1
AKAP-9	AKAP9
AKAP350	AKAP9
AKAP450	AKAP9
AKAP9	AKAP9
AKR1C3	AKR1C3
AKT	AKT1
AKT1	AKT1
AKT1S1	AKT1S1
AKT2	AKT2
AKT3	AKT3
ALD	ABCD1
ALDD	PSMB8
ALDH-E2	ALDH2
ALDH2	ALDH2
ALDHI	ALDH2
ALDM	ALDH2
ALDP	ABCD1
ALK	ALK
ALK-1	ACVRL1
ALK-3	BMPR1A
ALK-5	TGFBR1
ALK-6	BMPR1B
ALK2	ACVR1
ALK3	BMPR1A
ALK5	TGFBR1
ALK6	BMPR1B
ALL	BCR
ALL-1	KMT2A
ALL1	KMT2A
ALL3	PAX5
ALO17	RNF213
ALPS1A	FAS
ALPS1B	FASLG
ALPS2	CASP10
ALPS2B	CASP8
ALPS3	PRKCD
ALPS4	NRAS
ALPS5	CTLA4
ALR	KMT2D
ALS19	ERBB4
ALS22	TUBA4A
ALS6	FUS
AMD3	BMPR1B
AMDD	BMPR1B
AMER1	AMER1
AML1	RUNX1
AMLCR1	RUNX1
AMN	ABCD1
AMYB	MYBL1
AMYLD6	B2M
ANKRD26	ANKRD26
ANOP2	BCOR
ANOP3	SOX2
AOF2	KDM1A
AOS5	NOTCH1
AOS6	DLL4
AOVD1	NOTCH1
AP1	JUN
AP3Aase	FHIT
APC	APC
APDS	PIK3CD
APH-1	APH1A
APH-1A	APH1A
APH-1B	APH1B
APH1A	APH1A
APH1B	APH1B
API1	BIRC2
API2	BIRC3
API3	XIAP
API4	BIRC5
APO-1	FAS
APO2L	TNFSF10
APOLLON	BIRC6
APPBP1	NAE1
APRF	STAT3
APRO2	BTG1
APS	KLK3
APT1	FAS
APT1LG1	FASLG
APTL	FASLG
APXL	SHROOM2
AR	AR
AR8	AR
ARA267	NSD1
ARA70	NCOA4
ARA9	AIP
ARAF	ARAF
ARAF1	ARAF
ARC240	MED12
ARCC2	EPHA2
ARF	CDKN2A
ARG	ABL2
ARH12	RHOA
ARHA	RHOA
ARHGAP14	SRGAP3
ARHGAP2	CHN1
ARHGAP26	ARHGAP26
ARHGEF12	ARHGEF12
ARHGEF32	ECT2L
ARHH	RHOH
ARIA	NRG1
ARID1A	ARID1A
ARID1B	ARID1B
ARID2	ARID2
ARID5B	ARID5B
ARK	AXL
ARK-2	AURKB
ARK1	AURKA
ARK2	AURKB
ARK3	AURKC
ARM-1	ADRM1
ARM1	ADRM1
ARMD2	ABCA4
ARNT	ARNT
ARNT1	ARNT
ARPN-BETA	ACTL6A
ARTD1	PARP1
ARTD10	PARP10
ARTD11	PARP11
ARTD12	PARP12
ARTD13	ZC3HAV1
ARTD14	TIPARP
ARTD15	PARP16
ARTD16	PARP8
ARTD17	PARP6
ARTD2	PARP2
ARTD3	PARP3
ARTD4	PARP4
ARTD5	TNKS
ARTD6	TNKS2
ARTD7	PARP15
ARTD8	PARP14
ARTD9	PARP9
ARTHS	KAT6A
ARTS	PRPS1
ARVD	TGFB3
ARVD1	TGFB3
ASCL1	ASCL1
ASE-1	POLR1G
ASE1	POLR1G
ASF	PSMD4
ASH	GRB2
ASH1	ASCL1
ASNS	ASNS
ASNSD	ASNS
ASPCR1	ASPSCR1
ASPL	ASPSCR1
ASPSCR1	ASPSCR1
ASV	SRC
ASXH2	ASXL2
ASXL1	ASXL1
ASXL2	ASXL2
AT	BTK
AT-V1	NBN
AT-V2	NBN
AT1	ATM
ATA	ATM
ATAG1874	NCSTN
ATAR	TNFRSF14
ATC	ATM
ATD	ATM
ATDC	ATM
ATE	ATM
ATIC	ATIC
ATK	BTK
ATL1	BCL11B
ATL1-alpha	BCL11B
ATL1-beta	BCL11B
ATL1-delta	BCL11B
ATL1-gamma	BCL11B
ATLD	MRE11
ATM	ATM
ATR	ATR
ATRX	ATRX
ATV	NBN
ATXPC	SAMD9L
AURA	AURKA
AURKA	AURKA
AURKB	AURKB
AURKC	AURKC
AUTS5	TBR1
AUTS9	MET
AVO3	RICTOR
AWT1	WT1
AXIL	AXIN2
AXIN2	AXIN2
AXL	AXL
AXL3	AXL
AYGRP	MAF
AltDDIT3	DDIT3
Apo-2L	TNFSF10
Arc-1	CDH1
Arp4	ACTL6A
AurB	AURKB
AurC	AURKC
B(p51A)	TP63
B(p51B)	TP63
B-ALPHA-1	TUBA1A
B-RAF1	BRAF
B-raf	BRAF
B1	MS4A1
B120	ARID1A
B23	NPM1
B29	CD79B
B2M	B2M
B4	CD19
B7-H	CD274
B7-H3	CD276
B7DC	PDCD1LG2
B7H1	CD274
B7H3	CD276
B7RP-2	CD276
BABL	HMGA2
BABS	ODC1
BACH1	BRIP1
BAF155	SMARCC1
BAF170	SMARCC2
BAF180	PBRM1
BAF190A	SMARCA4
BAF200	ARID2
BAF250	ARID1A
BAF250B	ARID1B
BAF250a	ARID1A
BAF47	SMARCB1
BAF53A	ACTL6A
BAF53B	ACTL6B
BAF57	SMARCE1
BAF60A	SMARCD1
BAF60B	SMARCD2
BAF60C	SMARCD3
BAGOS	SYT1
BAIDCS	ZIC1
BAK	BAK1
BAK-LIKE	BAK1
BAK1	BAK1
BAL	PARP9
BAL1	PARP9
BAL2	PARP14
BAL3	PARP15
BANDDOS	CSF1R
BANF	NF2
BAP1	BAP1
BARD1	BARD1
BAX	BAX
BBDS	FGFR2
BBDS2	LAMA5
BBF2H7	CREB3L2
BCAHH	KMT2D
BCC7	TP53
BCD1	KLF6
BCDS1	CDH1
BCH	NKX2-1
BCL-XL/S	BCL2L1
BCL1	CCND1
BCL10	BCL10
BCL11A	BCL11A
BCL11B	BCL11B
BCL2	BCL2
BCL2A1	BCL2A1
BCL2L	BCL2L1
BCL2L1	BCL2L1
BCL2L3	MCL1
BCL2L4	BAX
BCL2L5	BCL2A1
BCL2L7	BAK1
BCL3	BCL3
BCL4	BCL3
BCL5	BCL6
BCL6	BCL6
BCL6A	BCL6
BCL7	BCL7A
BCL7A	BCL7A
BCL9	BCL9
BCLAF2	THRAP3
BCLX	BCL2L1
BCM	TNFRSF17
BCMA	TNFRSF17
BCNS	PTCH1
BCNS1	PTCH1
BCNS2	SUFU
BCOR	BCOR
BCORL1	BCORL1
BCR	BCR
BCR-ABL	ABL1
BCR1	BCR
BCoR-L1	BCORL1
BDA1D	BMPR1B
BDA2	BMPR1B
BDB	ROR2
BDB1	ROR2
BDE	HOXD13
BDMR	HDAC4
BDPLT17	GFI1B
BDPLT19	PRKACG
BDPLT21	FLI1
BDPLT25	TPM4
BDPLT6	MYH9
BDSD	HOXD13
BEK	FGFR2
BENTA	CARD11
BFGF	FGF2
BFGFR	FGFR1
BFL1	BCL2A1
BFLS	PHF6
BFR-1	FGFR2
BHC	NKX2-1
BHC110	KDM1A
BHD	FLCN
BHD2	PRDM10
BHLHB1	OLIG2
BHLHb31	HEY1
BIG-3	WDR5
BIG3	WDR5
BIMP3	CARD11
BING2	DAXX
BIRC1	NAIP
BIRC2	BIRC2
BIRC3	BIRC3
BIRC4	XIAP
BIRC5	BIRC5
BIRC6	BIRC6
BIRC7	BIRC7
BIRC8	BIRC8
BIS	SMARCA2
BKLHD4	KBTBD4
BLAP18	RMI2
BLIMP-1	PRDM1
BLIMP1	PRDM1
BLK	BLK
BLM	BLM
BM-010	EIF4A2
BM029	ARID1A
BMFS4	MYSM1
BMFS5	TP53
BMFS6	MDM4
BMP2B	BMP4
BMP2B1	BMP4
BMP4	BMP4
BMPR-1A	BMPR1A
BMPR1A	BMPR1A
BMPR1B	BMPR1B
BOB1	POU2AF1
BOPS	ASXL1
BORJ	PHF6
BOS3	SIX1
BOV-1A	RBM8A
BOV-1B	RBM8A
BOV-1C	RBM8A
BPES	FOXL2
BPES1	FOXL2
BPK	BTK
BPTP3	PTPN11
BRAF	BRAF
BRAF-1	BRAF
BRAF1	BRAF
BRAM1	ZMYND11
BRCA1	BRCA1
BRCA2	BRCA2
BRCAI	BRCA1
BRCC1	BRCA1
BRCC2	BRCA2
BRCC5	RAD51
BRD1	BRD1
BRD2	BRD2
BRD2-IT1	BRD2
BRD3	BRD3
BRD4	BRD4
BRD6	BRDT
BRDT	BRDT
BRG1	SMARCA4
BRIC2	ABCB11
BRIGHT	ARID1B
BRIP1	BRIP1
BRL	BRD1
BRM	SMARCA2
BROVCA1	BRCA1
BROVCA2	BRCA2
BROVCA3	RAD51C
BROVCA4	RAD51D
BROVCA5	PALB2
BRPF2	BRD1
BRPK	PINK1
BRSS	CYLD
BRUCE	BIRC6
BRYLIB1	H3-3A
BRYLIB2	H3-3B
BS	BLM
BS69	ZMYND11
BSAC	MRTFA
BSAP	PAX5
BSEP	ABCB11
BSF-2	IL6
BSF2	IL6
BTAK	AURKA
BTBD29	LZTR1
BTF2	ERCC3
BTG1	BTG1
BTK	BTK
BTL	CHIC2
BTLA	BTLA
BTLA1	BTLA
BTPS2	APC
BUB1B	BUB1B
BUB1beta	BUB1B
BUBR1	BUB1B
BWCR	CDKN1C
BWS	CDKN1C
BXMAS1	FCRL5
BYK	TYRO3
BZS	PTEN
Bcl-2	BCL2
Bcl-X	BCL2L1
Ber-Ep4	EPCAM
BerEp4	EPCAM
Beta2	TUBB4B
Blm10	PSME4
Bp35	MS4A1
Bp50	CD40
Btdc	PDCD1LG2
Bub1A	BUB1B
C-2k	CDK9
C-BAS/HAS	HRAS
C-CBL	CBL
C-FMS	CSF1R
C-H-RAS	HRAS
C-HA-RAS1	HRAS
C-K-RAS	KRAS
C-Kit	KIT
C-MPL	MPL
C-Rel	REL
C/EBP-alpha	CEBPA
C/EBPzeta	DDIT3
C11orf79	SDHAF2
C11orf93	POU2AF3
C12orf6	PARP11
C14orf18	CCNB1IP1
C14orf31	FRMD6
C15DUPq	GREM1
C15orf30	PARP16
C15orf55	NUTM1
C16DELp11.2	CREB3L1
C16DELp13.2	USP7
C16orf57	USB1
C16orf75	RMI2
C17orf27	RNF213
C17orf68	CTC1
C19orf17	ELL
C1DELq21.1	RBM8A
C1orf12	EGLN1
C1orf28	CDC73
C1orf4	ARID1A
C20orf41	RTEL1
C20orf45	GNAS
C22orf12	DGCR8
C2TA	CIITA
C2orf2	EML4
C2orf44	WDCP
C2orf6	MOB1A
C6	PSMA7
C6orf91	ECT2L
C7	CXCL10
C7DELq	SAMD9L
C7orf5	SAMD9
C7orf6	SAMD9L
C7orf76	SEM1
CA 15-3	MUC1
CAD11	CDH11
CADASIL	NOTCH3
CADASIL1	NOTCH3
CAEND1	TGFB1
CAEND2	TGFB2
CAFD1	PRKACA
CAFD2	PRKACB
CAFYD	COL1A1
CAGH1	ZNF384
CAGH1A	ZNF384
CAGH45	MED12
CAGL114	KMT2D
CAI2	CDKN2A
CAIN	NUP214
CAK1	CDK7
CAKUHED	PBX1
CAL	GOPC
CALM	PICALM
CALR	CALR
CALR1	CALR
CAMT2	THPO
CAMTA1	CAMTA1
CAN	NUP214
CANPMR	CAMTA1
CANT1	CANT1
CAP	BRD4
CAP-Rf	DDX3X
CAP20	CDKN1A
CAP4	CASP8
CAP43	NDRG1
CAPM1	TPM3
CAR	PRKAR1A
CARASIL1	NOTCH3
CARD11	CARD11
CARMA1	CARD11
CARMEN	BCL10
CARS	CARS1
CARS1	CARS1
CASC13	POU2AF3
CASC5	KNL1
CASIL	NOTCH3
CASP10	CASP10
CASP8	CASP8
CAST	POLR1G
CBA1	KLF6
CBF2alpha	RUNX1
CBF5	DKC1
CBFA2	RUNX1
CBFA2T3	CBFA2T3
CBFB	CBFB
CBL	CBL
CBL-3	CBLC
CBL-SL	CBLC
CBL2	CBL
CBLB	CBLB
CBLC	CBLC
CBP	CREBBP
CBT1	SDHD
CC-CKR-5	CCR5
CCA4	MAF
CCCKR5	CCR5
CCDC6	CCDC6
CCDC98	ABRAXAS1
CCHS	PHOX2B
CCM4	PIK3CA
CCNB1IP1	CCNB1IP1
CCND1	CCND1
CCND2	CCND2
CCND3	CCND3
CCNE	CCNE1
CCNE1	CCNE1
CCR-5	CCR5
CCR5	CCR5
CD	CTLA4
CD110	MPL
CD114	CSF3R
CD115	CSF1R
CD116	CSF2RA
CD117	KIT
CD118	LIFR
CD123	IL3RA
CD126	IL6R
CD127	IL7R
CD130	IL6ST
CD134	TNFRSF4
CD134L	TNFSF4
CD135	FLT3
CD136	MST1R
CD140A	PDGFRA
CD140B	PDGFRB
CD142	F3
CD152	CTLA4
CD167	DDR1
CD178	FASLG
CD184	CXCR4
CD19	CD19
CD195	CCR5
CD20	MS4A1
CD202B	TEK
CD213A2	IL13RA2
CD22	CD22
CD220	INSR
CD221	IGF1R
CD222	IGF2R
CD223	LAG3
CD227	MUC1
CD246	ALK
CD252	TNFSF4
CD253	TNFSF10
CD269	TNFRSF17
CD27	CD27
CD27-L	CD70
CD270	TNFRSF14
CD272	BTLA
CD273	PDCD1LG2
CD274	CD274
CD276	CD276
CD279	PDCD1
CD27L	CD70
CD27LG	CD70
CD292	BMPR1A
CD30	TNFRSF8
CD307	FCRL5
CD307d	FCRL4
CD307e	FCRL5
CD309	KDR
CD32	FCGR2B
CD324	CDH1
CD32B	FCGR2B
CD33	CD33
CD331	FGFR1
CD332	FGFR2
CD333	FGFR3
CD334	FGFR4
CD33rSiglec	CD33
CD340	ERBB2
CD360	IL21R
CD366	HAVCR2
CD37	CD37
CD38	CD38
CD3EAP	POLR1G
CD40	CD40
CD47	CD47
CD52	CD52
CD56	NCAM1
CD58	CD58
CD7	CD7
CD70	CD70
CD71	TFRC
CD74	CD74
CD79A	CD79A
CD79B	CD79B
CD95	FAS
CD95-L	FASLG
CD95L	FASLG
CDA07	HDAC8
CDA1	TSPYL2
CDC2	POLD1
CDC25A	CDC25A
CDC25A2	CDC25A
CDC2L4	CDK9
CDC4	FBXW7
CDC7	CDC7
CDC73	CDC73
CDC7L1	CDC7
CDCBM	TUBB3
CDCBM1	TUBB3
CDCBM16	TUBA1A
CDCBM4	TUBG1
CDCBM5	TUBB2A
CDCBM6	TUBB
CDCBM7	TUBB2B
CDCBM8	TUBA8
CDCREL	SEPTIN5
CDCREL-1	SEPTIN5
CDCREL1	SEPTIN5
CDF	IL6
CDH1	CDH1
CDH11	CDH11
CDH25	DCHS1
CDH27	DCHS2
CDHE	CDH1
CDHF12	RET
CDHF14	FAT4
CDHF15	FAT3
CDHF7	FAT1
CDHF8	FAT2
CDHJ	DCHS2
CDHOB	CDH11
CDHR10	FAT3
CDHR11	FAT4
CDHR16	RET
CDHR6	DCHS1
CDHR7	DCHS2
CDHR8	FAT1
CDHR9	FAT2
CDHS	PAX3
CDK12	CDK12
CDK2	CDK2
CDK4	CDK4
CDK6	CDK6
CDK7	CDK7
CDK9	CDK9
CDKN1	CDKN1A
CDKN1A	CDKN1A
CDKN1B	CDKN1B
CDKN1C	CDKN1C
CDKN2A	CDKN2A
CDKN2B	CDKN2B
CDKN2C	CDKN2C
CDKN4	CDKN1B
CDKN7	CDK7
CDLS2	SMC1A
CDLS5	HDAC8
CDLS6	BRD4
CDMT	CYLD
CDN1	BAK1
CDS1	CHEK2
CDW127	IL7R
CDW130	IL6ST
CDW40	CD40
CDW52	CD52
CDX-3	CDX2
CDX2	CDX2
CDX2/AS	CDX2
CDX3	CDX2
CDw116	CSF2RA
CDw136	MST1R
CDw293	BMPR1B
CEBALID	MN1
CEBP	CEBPA
CEBPA	CEBPA
CEBPZ	DDIT3
CECBA	CAMTA1
CED	TGFB1
CEK	FGFR1
CEK2	FGFR3
CEK3	FGFR2
CELIAC3	CTLA4
CENP-31	PHF6
CEP1	CNTRL
CEP110	CNTRL
CEP43	CEP43
CEP57	CEP57
CEV14	TRIP11
CFAP108	CTCF
CFAP89	WDR5
CFC	PTPN11
CFC2	KRAS
CFC3	MAP2K1
CFC4	MAP2K2
CFD1	FGFR2
CFEOM3	TUBB3
CFEOM3A	TUBB3
CFEOM3A1	TUBB3
CFTD	TPM3
CG-NAP	AKAP9
CG1	KTN1
CGI-151	PALLD
CGI-78	APH1A
CGI-97	SBDS
CGI151	PALLD
CHC	CLTC
CHC17	CLTC
CHC22	CLTCL1
CHCHD7	CHCHD7
CHD-4	CHD4
CHD4	CHD4
CHD7	CHD7
CHDED	PRKD1
CHDSKM	ABL1
CHEK1	CHEK1
CHEK2	CHEK2
CHET9	SUZ12
CHF2	HEY1
CHH	RMRP
CHIC2	CHIC2
CHINE1	DKC1
CHINE2	NOP10
CHK1	CHEK1
CHK2	CHEK2
CHN1	CHN1
CHNG1	TSHR
CHOP	DDIT3
CHOP-10	DDIT3
CHOP10	DDIT3
CHOPS	AFF4
CHTD7	FLT4
CHYTS	ERF
CI-M6PR	IGF2R
CIAP2	BIRC3
CIC	CIC
CII-4	SDHD
CIITA	CIITA
CIITAIV	CIITA
CIMPR	IGF2R
CIMT1	PPARG
CINAP	TSPYL2
CIP1	CDKN1A
CIPER	BCL10
CIS1	SOCS1
CIS2	SOCS2
CISH1	SOCS1
CISS	CRLF1
CISS1	CRLF1
CIZ	ZNF384
CJS	GLI2
CK II beta	CSNK2B
CK1	CSNK1A1
CK1a	CSNK1A1
CK1g2	CSNK1G2
CK1gamma1	CSNK1G1
CK2A1	CSNK2A1
CK2A2	CSNK2A2
CK2B	CSNK2B
CK2N	CSNK2B
CK2alpha'	CSNK2A2
CKI-delta	CSNK1D
CKI-gamma 3	CSNK1G3
CKII	CSNK2A1
CKIa	CSNK1A1
CKId	CSNK1D
CKIdelta	CSNK1D
CKIe	CSNK1E
CKIepsilon	CSNK1E
CKR-5	CCR5
CKR5	CCR5
CKTSF1B1	GREM1
CLAP	BCL10
CLAPO	PIK3CA
CLCD2	CBFB
CLDN18	CLDN18
CLDN4	CLDN4
CLF	CRLF1
CLF-1	CRLF1
CLH-17	CLTC
CLH22	CLTCL1
CLIP	CD74
CLOVE	PIK3CA
CLP1	CLP1
CLTC	CLTC
CLTCL	CLTCL1
CLTCL1	CLTCL1
CLTCL2	CLTC
CLTD	CLTCL1
CLTH	PICALM
CM-AVM	RASA1
CMAL	GNAQ
CMAVM	RASA1
CMAVM1	RASA1
CMCU	RELA
CMD1GG	SDHA
CMD1LL	PRDM16
CMD1NN	RAF1
CMD1U	PSEN1
CMD1V	PSEN2
CMKBR5	CCR5
CMKOR1	ACKR3
CML	BCR
CMM10	POT1
CMM2	CDKN2A
CMM3	CDK4
CMM8	MITF
CMM9	TERT
CMNS	NRAS
CMT2A	MFN2
CMT2A2	MFN2
CMT2A2A	MFN2
CMT2A2B	MFN2
CMT2M	DNM2
CMT4D	NDRG1
CMTDI1	DNM2
CMTDIB	DNM2
CMTX5	PRPS1
CMYA2	PDE4DIP
CMYO17	MYOD1
CMYO19	PAX7
CMYO26	TUBA4A
CMYO4A	TPM3
CMYO4B	TPM3
CMYP17	MYOD1
CMYP19	PAX7
CMYP4A	TPM3
CMYP4B	TPM3
CNBP	CNBP
CNBP1	CNBP
CNC	PRKAR1A
CNC1	PRKAR1A
CNOT3	CNOT3
CNSA1	SH3GL1
CNSHA9	GATA1
CNTRL	CNTRL
COB1	YAP1
COCA1	MSH2
COCA2	MLH1
COE1	EBF1
COFS2	ERCC2
COFS3	ERCC5
COFS4	ERCC1
COGIS	EED
COL1A1	COL1A1
COLCA2	POU2AF3
COMMAD	MITF
CONDBA	UBTF
COPEB	KLF6
CORD3	ABCA4
COX23	CHCHD7
CP64	LCP1
CPAMD9	A2ML1
CPBHM	HDAC6
CPBP	KLF6
CPE-R	CLDN4
CPER	CLDN4
CPETR	CLDN4
CPETR1	CLDN4
CPHD6	OTX2
CPRF	KDM1A
CPRP1	MFN2
CRAC1	GREM1
CRACC1	SMARCC1
CRACC2	SMARCC2
CRACD1	SMARCD1
CRACD2	SMARCD2
CRACD3	SMARCD3
CRAF	RAF1
CRBN	CRBN
CRCS10	POLD1
CRCS12	POLE
CRCS3	SMAD7
CRCS4	GREM1
CREB	CREB1
CREB-1	CREB1
CREB1	CREB1
CREB3L1	CREB3L1
CREB3L2	CREB3L2
CREBBP	CREBBP
CREST	SS18L1
CRG	CHD7
CRJS	SMO
CRK7	CDK12
CRKL	CRKL
CRKR	CDK12
CRKRS	CDK12
CRL2	CRLF2
CRLF1	CRLF1
CRLF2	CRLF2
CRLF2Y	CRLF2
CRM-1	XPO1
CRM1	XPO1
CRMCC	CTC1
CRMCC3	POT1
CRS3	TCF12
CRS4	ERF
CRS6	ZIC1
CRT	CALR
CRTC1	CRTC1
CRTC3	CRTC3
CSBP	MAPK14
CSBP1	MAPK14
CSBP2	MAPK14
CSBS	FLNA
CSCSC1	TUBB
CSDD2	LIN28B
CSF	CSF2
CSF-1R	CSF1R
CSF1R	CSF1R
CSF2	CSF2
CSF2R	CSF2RA
CSF2RA	CSF2RA
CSF2RAX	CSF2RA
CSF2RAY	CSF2RA
CSF2RX	CSF2RA
CSF2RY	CSF2RA
CSF3R	CSF3R
CSFR	CSF1R
CSK2B	CSNK2B
CSMF	NR4A3
CSNK1A1	CSNK1A1
CSNK1D	CSNK1D
CSNK1E	CSNK1E
CSNK1G1	CSNK1G1
CSNK1G2	CSNK1G2
CSNK1G3	CSNK1G3
CSNK1G3L	CSNK1G3
CSNK2A1	CSNK2A1
CSNK2A1P	CSNK2A3
CSNK2A2	CSNK2A2
CSNK2A3	CSNK2A3
CSNK2B	CSNK2B
CSPB1	MAPK14
CSS1	ARID1B
CSS11	SMARCD1
CSS2	ARID1A
CSS3	SMARCB1
CSS4	SMARCA4
CSS5	SMARCE1
CSS6	ARID2
CSS8	SMARCC2
CT1.3	MAGEA3
CT130	PRAME
CT19	IL13RA2
CT29	KNL1
CT5.1	SSX1
CT5.2	SSX2
CT5.2A	SSX2
CT5.4	SSX4
CT6.1	CTAG1B
CT9	BRDT
CTAG	CTAG1B
CTAG1	CTAG1B
CTAG1B	CTAG1B
CTC1	CTC1
CTCF	CTCF
CTCL	TSPYL2
CTDNEP1	CTDNEP1
CTF	NFIB
CTG26	NCOR2
CTIP-2	BCL11B
CTIP1	BCL11A
CTIP2	BCL11B
CTK1	CDK9
CTLA-4	CTLA4
CTLA4	CTLA4
CTLO	HRAS
CTNNB	CTNNB1
CTNNB1	CTNNB1
CTPA	EPHA2
CTPP1	EPHA2
CTR9	CTR9
CTRCT21	MAF
CTRCT6	EPHA2
CVD1	FLNA
CVID10	NFKB2
CVID12	NFKB1
CVID13	IKZF1
CVID3	CD19
CVID5	MS4A1
CVID9	PRKCD
CVIL	EZR
CVL	EZR
CWS1	PTEN
CWS2	SDHB
CWS3	SDHD
CWS5	PIK3CA
CXC-R7	ACKR3
CXCL10	CXCL10
CXCR-7	ACKR3
CXCR4	CXCR4
CXCR7	ACKR3
CXPD	ERCC2
CXXC10	KMT2B
CXXC6	TET1
CXXC7	KMT2A
CXXC9	DNMT1
CXorf10	BCORL1
CYB560	SDHC
CYBL	SDHC
CYLD	CYLD
CYLD1	CYLD
CYLDI	CYLD
CYSRS	CARS1
CYTSB	SPECC1
Ca15-3	MUC1
Casp-8	CASP8
Cbl-b	CBLB
Cish2	SOCS2
Cka1	CSNK2A1
Cka2	CSNK2A1
Ckb1	CSNK2B
Ckb2	CSNK2B
Cmyb	MYB
D10S170	CCDC6
D11S287E	CCND1
D12S1644	STAT6
D12S53E	PMEL
D19S37	BCL3
D1S166E	TNFRSF8
D22S11	BCR
D22S662	BCR
D2HGA2	IDH2
D2S201E	CXCR4
D40	KNL1
D6S113E	BRD2
D6S182	HSP90AB1
D6S216	PSMB8
D6S216E	PSMB8
D6S231E	DEK
DA11	MET
DAN	PARN
DAN15	ARID1B
DAND2	GREM1
DAP6	DAXX
DAXX	DAXX
DBA	RPS19
DBA1	RPS19
DBA3	RPS24
DBA4	RPS17
DBA5	RPL35A
DBA7	RPL11
DBA8	RPS7
DBQD	CANT1
DBQD1	CANT1
DBX	DDX3X
DCHS1	DCHS1
DCHS2	DCHS2
DCIDP	PSMC3
DCML	GATA2
DCR1	DICER1
DD3	AKR1C3
DDB2	DDB2
DDBB	DDB2
DDH4	TRIM33
DDIT3	DDIT3
DDR	DDR1
DDR1	DDR1
DDR2	DDR2
DDR2-N	DDR2
DDX	AKR1C3
DDX10	DDX10
DDX14	DDX3X
DDX2B	EIF4A2
DDX3	DDX3X
DDX3X	DDX3X
DDX41	DDX41
DDX5	DDX5
DDX58	RIGI
DDX6	DDX6
DEC	PTEN
DEDHIL	FBXW7
DEE51	MDH2
DEE58	NTRK2
DEE76	ACTL6B
DEE85	SMC1A
DEK	DEK
DEL16P13.2	USP7
DEL16p11.2	CREB3L1
DEL1q21.1	RBM8A
DEL7q	SAMD9L
DELTA	PSMB6
DELTA1	DLL1
DENND8B	FLCN
DENTT	TSPYL2
DESMD	APC
DESRT	ARID5B
DFN2	PRPS1
DFNA17	MYH9
DFNA23	SIX1
DFNA27	REST
DFNB39	HGF
DFNB97	MET
DFNX1	PRPS1
DFS70	PSIP1
DGCR8	DGCR8
DGCRK6	DGCR8
DGSX	GPC3
DHLAG	CD74
DHSR	KDSR
DHTR	AR
DI-CMTB	DNM2
DIAR5	EPCAM
DICER1	DICER1
DILOS	BCL11A
DIP	NCKIPSD
DIP1	NCKIPSD
DIP2B	DIP2B
DIS3L2	DIS3L2
DKC	DKC1
DKC1	DKC1
DKCA1	TERC
DKCA2	TERT
DKCA3	TINF2
DKCA4	RTEL1
DKCA5	TINF2
DKCA6	ACD
DKCB1	NOP10
DKCB2	NHP2
DKCB3	WRAP53
DKCB4	TERT
DKCB5	RTEL1
DKCB6	PARN
DKCB7	ACD
DKCD	TYMS
DKCX	DKC1
DKK-1	DKK1
DKK1	DKK1
DL1	DLL1
DLK	DLK1
DLK-1	DLK1
DLK1	DLK1
DLL1	DLL1
DLL3	DLL3
DLL4	DLL4
DM2	CNBP
DNA-PKC	PRKDC
DNA-PKcs	PRKDC
DNAJ26	GAK
DNAJC26	GAK
DNAPK	PRKDC
DNAPKc	PRKDC
DNM2	DNM2
DNMT	DNMT1
DNMT1	DNMT1
DNMT3A	DNMT3A
DNMT3A-3	DNMT3A
DNMT3A2	DNMT3A
DNMT3B	DNMT3B
DNPK1	PRKDC
DON1	NRG2
DOT1	DOT1L
DOT1L	DOT1L
DP2	APC
DP2.5	APC
DP3	APC
DPC4	SMAD4
DPD1	TGFB1
DPPIV	FAP
DRG-1	NDRG1
DRG1	NDRG1
DRIF1	SAMD9
DRIF2	SAMD9L
DRM	GREM1
DROSHA	DROSHA
DSHP	SH2D1A
DSS1	SEM1
DTEF-1	TEAD3
DULLARD	CTDNEP1
DUP15q	GREM1
DURS2	CHN1
DURS3	MAFB
DUSP10	DUSP10
DUSP22	DUSP22
DXS1179E	PRKCI
DXS1272E	KDM5C
DXS423E	SMC1A
DXS6673E	ZMYM3
DYN2	DNM2
DYNII	DNM2
DYS	ELP1
DYT28	KMT2B
DYT4	TUBB4A
Dbp4	DDX10
Delta	DLL1
Delta1	DLK1
Dicer	DICER1
Dicer1e	DICER1
Dtk	TYRO3
E14	NPAT
E14/NPAT	NPAT
E1A-F	ETV4
E1AF	ETV4
E2A	TCF3
E3B1	ABI1
E47	TCF3
E4TF1-60	GABPA
E4TF1A	GABPA
EAC	CYLD
EAP1	DAXX
EAT	MCL1
EBF	EBF1
EBF1	EBF1
EBNDS	PSMC3
EBP-1	NFKB1
EBVS	SH2D1A
EC-NOS	NOS3
ECAD	CDH1
ECCL	FGFR1
ECD	SEM1
ECGF	FGF1
ECGF-beta	FGF1
ECGFA	FGF1
ECGFB	FGF1
ECGP	HSP90B1
ECK	EPHA2
ECNOS	NOS3
ECT1	FGFR2
ECT2L	ECT2L
ECTD9	HOXC13
ECTO	TRIM33
ECYT3	EGLN1
ECYT4	EPAS1
EDDM5	CD52
EDDR1	DDR1
EDFAOB	RHOA
EDM7	CANT1
EDSARTH1	COL1A1
EDSC	COL1A1
EEC3	TP63
EED	EED
EEN	SH3GL1
EFTR-2	TEAD4
EFTUD1	ELF1
EGFR	EGFR
EGFRBP-GRB2	GRB2
EGLN1	EGLN1
EGLN2	EGLN2
EGP-1	TACSTD2
EGP-2	EPCAM
EGP1	TACSTD2
EGP314	EPCAM
EGP40	EPCAM
EHF	EHF
EHZF	ZNF521
EIEE51	MDH2
EIEE58	NTRK2
EIEE76	ACTL6B
EIEE85	SMC1A
EIF3H	EIF3H
EIF3S3	EIF3H
EIF4A	EIF4A2
EIF4A2	EIF4A2
EIF4F	EIF4A2
EIT-6	EGLN2
EIT6	EGLN2
EK4	EPHA3
EKVP4	KDSR
EL52	HSP90AA1
ELA2	ELANE
ELANE	ELANE
ELD	ARID1A
ELD/OSA1	ARID1B
ELE1	NCOA4
ELF1	ELF1
ELF2	ELF2
ELF3	ELF3
ELF4	ELF4
ELF5	ELF5
ELFR	ELF4
ELK1	ELK1
ELK3	ELK3
ELK4	ELK4
ELL	ELL
ELL1	ELL
ELN	ELN
ELP	NR5A1
ELP1	ELP1
ELP120	EML4
EM9	ERCC2
EMA	MUC1
EMAP-4	EML4
EMAPL4	EML4
EML4	EML4
EMT	ITK
END	ENG
ENG	ENG
ENL	MLLT1
ENX-1	EZH2
ENX1	EZH2
EP300	EP300
EPAS1	EPAS1
EPCAM	EPCAM
EPHA2	EPHA2
EPHA3	EPHA3
EPM10	PRDM8
EPO-R	EPOR
EPOR	EPOR
EPS15	EPS15
EPSTS	MYH9
ER	ESR1
ER-BETA	ESR2
ER71	ETV2
ER81	ETV1
ERBB	EGFR
ERBB1	EGFR
ERBB2	ERBB2
ERBB3	ERBB3
ERBB4	ERBB4
ERCC1	ERCC1
ERCC11	ERCC4
ERCC2	ERCC2
ERCC3	ERCC3
ERCC4	ERCC4
ERCC5	ERCC5
ERCC5-201	ERCC5
ERCM2	ERCC5
ERDA2	ZNF384
ERF	ERF
ERG	ERG
ERIS	STING1
ERK	MAPK1
ERK-1	MAPK3
ERK-2	MAPK1
ERK1	MAPK3
ERK2	MAPK1
ERM	ETV5
ERP	ELK3
ERRFI1	ERRFI1
ERRP	EGFR
ERT	ELF3
ERT1	MAPK1
ERT2	MAPK3
ERYF1	GATA1
ESA	EPCAM
ESE-1	ELF3
ESE2	ELF5
ESE3	EHF
ESE3B	EHF
ESEJ	EHF
ESO1	CTAG1B
ESR	ESR1
ESR-BETA	ESR2
ESR1	ESR1
ESR2	ESR2
ESRA	ESR1
ESRB	ESR2
ESS1	TGFBR1
EST2	TERT
ESTRB	ESR2
ESTRR	ESR1
ESWS	CDH11
ESX	ELF3
ETF	TEAD2
ETFR-1	TEAD3
ETHA	SCN9A
ETK	EPHA3
ETK1	EPHA3
ETM4	FUS
ETO2	CBFA2T3
ETOHI2	DROSHA
ETS-1	ETS1
ETS1	ETS1
ETS2	ETS2
ETS2IT1	ETS2
ETSRP71	ETV2
ETV1	ETV1
ETV2	ETV2
ETV3	ETV3
ETV3L	ETV3L
ETV4	ETV4
ETV5	ETV5
ETV6	ETV6
ETV7	ETV7
EU32	ELF2
EVI-1	RUNX1
EVI1	MECOM
EVI9	BCL11A
EVR7	CTNNB1
EWS	EWSR1
EWS-FLI1	EWSR1
EWSR1	EWSR1
EX1	FRMD6
EXIP	MAPK14
EXT	EXT1
EXT1	EXT1
EXT2	EXT2
EZF	KLF4
EZH2	EZH2
EZH2b	EZH2
EZR	EZR
Era	ESR1
Erb	ESR2
ErbB-3	ERBB3
Etk-2	TYRO3
Evi3	ZNF521
F-SRC-1	NCOA1
F-TCF	HGF
F3	F3
FA	FANCA
FA-D2	FANCD2
FA-H	FANCA
FA2	FANCB
FA3	FANCC
FA4	FANCD2
FAA	FANCA
FAA3	TGFBR2
FAA4	MYH11
FAAP250	FANCM
FAAP43	FANCL
FAAP90	FANCB
FAAP95	FANCB
FAB	FANCB
FAC	FANCC
FACA	FANCA
FACB	FANCB
FACC	FANCC
FACE	FANCE
FACL3	ACSL3
FACL6	ACSL6
FAD1	BRCA2
FAD2	FANCD2
FADK	PTK2
FADK 1	PTK2
FAE	FANCE
FAF	FANCF
FAG	FANCG
FAH	FANCA
FAK	PTK2
FAK1	PTK2
FAM123B	AMER1
FAM175A	ABRAXAS1
FAM22A	NUTM2A
FAM22B	NUTM2B
FAM22H	NUTM1
FAM46C	TENT5C
FAM6A	DIS3L2
FAN	CNTRL
FANCA	FANCA
FANCB	FANCB
FANCC	FANCC
FANCD1	BRCA2
FANCD2	FANCD2
FANCE	FANCE
FANCF	FANCF
FANCG	FANCG
FANCH	FANCA
FANCI	FANCI
FANCJ	BRIP1
FANCL	FANCL
FANCM	FANCM
FANCN	PALB2
FANCO	RAD51C
FANCQ	ERCC4
FANCR	RAD51
FANCS	BRCA1
FANCU	XRCC2
FAP	FAP
FAP108	CTCF
FAPA	FAP
FAPalpha	FAP
FAS	FAS
FAS1	FAS
FASL	FASLG
FASLG	FASLG
FASPS2	CSNK1D
FASTM	FAS
FAT	FAT1
FAT-J	FAT4
FAT1	FAT1
FAT2	FAT2
FAT3	FAT3
FAT4	FAT4
FATJ	FAT4
FB1	TFPT
FB22	CXCR4
FBH	GNA11
FBH2	GNA11
FBI-1	ZBTB7A
FBI1	ZBTB7A
FBP17	FNBP1
FBW6	FBXW7
FBW7	FBXW7
FBX11	FBXO11
FBX30	FBXW7
FBXO11	FBXO11
FBXO49	ECT2L
FBXW6	FBXW7
FBXW7	FBXW7
FCC1	MSH2
FCC2	MLH1
FCG2	FCGR2B
FCGR2	FCGR2B
FCGR2B	FCGR2B
FCRH4	FCRL4
FCRH5	FCRL5
FCRL4	FCRL4
FCRL5	FCRL5
FCTCS	ATR
FD	ELP1
FEB3B	SCN9A
FEL	AFF1
FEOM3	TUBB3
FERLK	ERBB3
FEV	FEV
FFM	ABCA4
FGCP	FOLH1
FGF-1	FGF1
FGF-2	FGF2
FGF-4	FGF4
FGF-alpha	FGF1
FGF1	FGF1
FGF2	FGF2
FGF3	FGF3
FGF4	FGF4
FGFA	FGF1
FGFB	FGF2
FGFBR	FGFR1
FGFR-1	FGFR1
FGFR-5	FGFRL1
FGFR1	FGFR1
FGFR1OP	CEP43
FGFR2	FGFR2
FGFR3	FGFR3
FGFR4	FGFR4
FGFR5	FGFRL1
FGFRL1	FGFRL1
FGLDS1	MYCN
FGR	FGR
FGS1	MED12
FGS2	FLNA
FH	FH
FHFR	FGFRL1
FHH2	GNA11
FHIT	FHIT
FHL4	STX11
FIB1	DCHS1
FIG	GOPC
FIGF	VEGFD
FIHP	CDC73
FILS	POLE
FIM	ZMYM2
FIM2	CSF1R
FIP1	FIP1L1
FIP1L1	FIP1L1
FKBP16	AIP
FKBP37	AIP
FKH1	FOXO1
FKHR	FOXO1
FKHRL1	FOXO3
FKHRL1P2	FOXO3
FLB6421	ZC3HAV1
FLCL	FLCN
FLCN	FLCN
FLG	FGFR1
FLI-1	FLI1
FLI1	FLI1
FLICE	CASP8
FLICE-2	CASP10
FLICE2	CASP10
FLJ20185k	PRR5
FLK-2	FLT3
FLK1	KDR
FLK2	FLT3
FLN	FLNA
FLN-A	FLNA
FLN1	FLNA
FLNA	FLNA
FLRG	FSTL3
FLT	FLT1
FLT-1	FLT1
FLT-2	FGFR1
FLT-4	FLT4
FLT1	FLT1
FLT2	FGFR1
FLT3	FLT3
FLT4	FLT4
FLT41	FLT4
FMC7	MS4A1
FMD	FLNA
FMRD	FH
FMS	CSF1R
FNBP1	FNBP1
FOLH	FOLH1
FOLH1	FOLH1
FOLR	FOLR1
FOLR1	FOLR1
FOSB	FOSB
FOXL2	FOXL2
FOXO1	FOXO1
FOXO1A	FOXO1
FOXO2	FOXO3
FOXO3	FOXO3
FOXO3A	FOXO3
FOXO4	FOXO4
FOXP1	FOXP1
FP	SDHA
FP793	U2AF1
FPLD1	NOTCH3
FPLD3	PPARG
FPVEPD	TUBB6
FR-alpha	FOLR1
FRA11B	CBL
FRA3B	FHIT
FRAP	MTOR
FRAP1	MTOR
FRAP2	MTOR
FRG1	FRG1
FRG1A	FRG1
FRG2	FRG2
FRG2A	FRG2
FRMD6	FRMD6
FRNK	PTK2
FRP1	ATR
FRalpha	FOLR1
FSG1	FRG1
FSH	BRD2
FSHD4	DNMT3B
FSHRG1	BRD2
FSHRG2	BRD3
FSHRG4	BRD4
FSRG1	BRD2
FSRP	FSTL3
FSTL3	FSTL3
FTDALS8	CYLD
FTDALS9	TUBA4A
FTNS	MYH9
FTZ1	NR5A1
FTZF1	NR5A1
FUBP	FUBP1
FUBP1	FUBP1
FUM	FH
FUS	FUS
FUS1	FUS
FVT1	KDSR
FYN	FYN
FZD11	SMO
Flt4-L	VEGFC
G-ALPHA-q	GNAQ
G-TSF	TGFB2
G0S3	FOSB
G13	GNA13
G17P1	DDX5
G5A	CSNK2B
G6PC3	G6PC3
GA733-1	TACSTD2
GA7331	TACSTD2
GABPA	GABPA
GADD153	DDIT3
GAK	GAK
GAP	RASA1
GAQ	GNAQ
GAR1	GAR1
GAS7	GAS7
GASC1	KDM4C
GATA-1	GATA1
GATA1	GATA1
GATA2	GATA2
GATA3	GATA3
GATD7	GMPS
GBF	KLF6
GBL	MLST8
GC4	NDRG1
GCCR	NR3C1
GCP-1	TUBG1
GCP2	FOLH1
GCPII	FOLH1
GCR	NR3C1
GCRST	NR3C1
GCSFR	CSF3R
GDS1	RAP1GDS1
GE	ELANE
GEFSP7	SCN9A
GENE-33	ERRFI1
GEPH	GPHN
GF-1	GATA1
GFI-1	GFI1
GFI1	GFI1
GFI1A	GFI1
GFI1B	GFI1B
GGF	NRG1
GGF1	SOS1
GGF2	NRG1
GHISID2	STAT5B
GIG34	RPL11
GINGF	SOS1
GINGF5	REST
GKLF	KLF4
GLC3E	TEK
GLI	GLI1
GLI1	GLI1
GLI2	GLI2
GLIO703	FGF1
GLIS2	GLIS2
GLM1	PPARG
GLM2	PTEN
GLM3	BRCA2
GLM9	POT1
GLOW	DICER1
GM-CSF-R-alpha	CSF2RA
GMAP-210	TRIP11
GMAP210	TRIP11
GMCSF	CSF2
GMCSFR	CSF2RA
GMCSFR-alpha	CSF2RA
GMP	NT5C2
GMPS	GMPS
GMR	CSF2RA
GMR-alpha	CSF2RA
GNA-11	GNA11
GNA11	GNA11
GNA13	GNA13
GNAQ	GNAQ
GNAS	GNAS
GNAS1	GNAS
GNRHR	GNRHR
GNRHR1	GNRHR
GOLGA5	GOLGA5
GOLIM5	GOLGA5
GON-10	HDAC1
GOPC	GOPC
GOPC1	GOPC
GOS3	FOSB
GOSB	FOSB
GP110	ADRM1
GP130	IL6ST
GP145-TrkB	NTRK2
GP145-TrkC	NTRK3
GP34	TNFSF4
GP40	CD7
GP50	TACSTD2
GP52-40	CD37
GP96	HSP90B1
GPC2	GPC2
GPC3	GPC3
GPH	GPHN
GPHN	GPHN
GPHRYN	GPHN
GPI3	PIGA
GPNMB	GPNMB
GPR159	ACKR3
GPR161	GPR161
GPRC5D	GPRC5D
GPSA	GNAS
GPSC	CSF1R
GR	NR3C1
GRAF	ARHGAP26
GRAF1	ARHGAP26
GRB1	PIK3R1
GRB2	GRB2
GRD4	CTLA4
GREM1	GREM1
GREMLIN	GREM1
GRHR	GNRHR
GRIP1	NCOA2
GRL	NR3C1
GRP94	HSP90B1
GRS	BCL2A1
GS	APC
GS2	RAB27A
GSA	GNAS
GSE	CTLA4
GSK3B	GSK3B
GSP	GNAS
GTBP	MSH6
GTF2H	ERCC3
GTF2S	TCEA1
GTMBP	MSH6
GTPTS	KAT6B
GTR2-2	GPC3
GUD	WT1
GbetaL	MLST8
Grb3-3	GRB2
Gx	SMO
Gy1	DGCR8
H-RASIDX	HRAS
H23AG	MUC1
H2TF1	NFKB2
H3	H3C14
H3-3A	H3-3A
H3-3B	H3-3B
H3.2	H3C14
H3.3A	H3-3A
H3.3B	H3-3B
H3.f	H3C11
H3/A	H3C1
H3/M	H3C14
H3/b	H3C4
H3/c	H3C3
H3/d	H3C6
H3/f	H3C11
H3/h	H3C8
H3/i	H3C7
H3/j	H3C12
H3/k	H3C10
H3/l	H3C2
H3/n	H3C15
H3/o	H3C15
H3C1	H3C1
H3C10	H3C10
H3C11	H3C11
H3C12	H3C12
H3C13	H3C13
H3C14	H3C14
H3C15	H3C15
H3C2	H3C2
H3C3	H3C3
H3C4	H3C4
H3C6	H3C6
H3C7	H3C7
H3C8	H3C8
H3F1K	H3C10
H3F2	H3C14
H3F3	H3-3A
H3F3A	H3-3A
H3F3B	H3-3B
H3FA	H3C1
H3FB	H3C4
H3FC	H3C3
H3FD	H3C6
H3FF	H3C11
H3FH	H3C8
H3FI	H3C7
H3FJ	H3C12
H3FK	H3C10
H3FL	H3C2
H3FM	H3C14
H3FN	H3C14
H4	CCDC6
H4/m	H4C9
H4C9	H4C9
H4FM	H4C9
H4M	H4C9
H5	SEPTIN5
HA1753	AKR1C3
HA6116	HDAC4
HAEADA	GATA1
HAFOUS	USP7
HAIP1	BIRC3
HAKRB	AKR1C3
HAKRe	AKR1C3
HALAH	EGLN1
HALR	KMT2C
HAMSV	HRAS
HASH1	ASCL1
HAUSP	USP7
HAVCR2	HAVCR2
HAVcr-2	HAVCR2
HAX1	HAX1
HB9	MNX1
HBEBP3	WWC1
HBEBP36	WWC1
HBFQTL5	BCL11A
HBGF-1	FGF1
HBGF-2	FGF2
HBGF-3	FGF3
HBGF-4	FGF4
HBGF1	FGF1
HBGFR	FGFR1
HBP231	SETD2
HBPA1	BCL2A1
HC10-II	PSMB3
HC2	PSMA1
HC3	PSMA2
HC5	PSMB1
HC7-I	PSMB2
HC8	PSMA3
HC9	PSMA4
HCAK	CDK7
HCDCREL-1	SEPTIN5
HCK	HCK
HCKID	CSNK1D
HCKIE	CSNK1E
HCLSBP1	HAX1
HCMOGT-1	SPECC1
HCMOGT1	SPECC1
HD1	HDAC1
HD10	HDAC10
HD11	HDAC11
HD2	HDAC2
HD21	SSX2
HD3	HDAC3
HD4	HDAC4
HD5	HDAC5
HD6	HDAC6
HD7A	HDAC7
HD7b	HDAC9
HD8	HDAC8
HD9	HDAC9
HDAC	HDAC9
HDAC-4	HDAC4
HDAC-A	HDAC4
HDAC1	HDAC1
HDAC10	HDAC10
HDAC11	HDAC11
HDAC2	HDAC2
HDAC3	HDAC3
HDAC4	HDAC4
HDAC5	HDAC5
HDAC6	HDAC6
HDAC7	HDAC7
HDAC7A	HDAC7
HDAC7B	HDAC9
HDAC8	HDAC8
HDAC9	HDAC9
HDAC9B	HDAC9
HDAC9FL	HDAC9
HDACA	HDAC4
HDACL1	HDAC8
HDCMC04P	KMT2E
HDKR	MED12
HDLS	CSF1R
HDLS1	CSF1R
HDR	GATA3
HDRP	HDAC9
HDRS	GATA3
HE5	CD52
HEAB	CLP1
HEB	TCF12
HEED	EED
HEI10	CCNB1IP1
HEIR-1	ID3
HEK	EPHA3
HEK4	EPHA3
HEL-189	TPM3
HEL-216	IDH1
HEL-S-105	EZR
HEL-S-108	TPM4
HEL-S-125m	HSP90B1
HEL-S-129m	PSME1
HEL-S-26	IDH1
HEL-S-275	PSMA1
HEL-S-276	PSMA7
HEL-S-283	PSME3
HEL-S-37	LCP1
HEL-S-61	KIF5B
HEL-S-65p	HSP90AA1
HEL-S-70p	ATIC
HEL-S-77p	CSNK1A1
HEL-S-82p	TPM3
HEL-S-90	AURKC
HEL-S-91n	PSMD8
HEL-S-99n	CALR
HEL2	YWHAE
HEL35	HSP90B1
HEL70	MSN
HER-2	ERBB2
HER-2/neu	ERBB2
HER1	EGFR
HER2	ERBB2
HER3	ERBB3
HER4	ERBB4
HERNA	DICER1
HERP	HERPUD1
HERP2	HEY1
HERPUD1	HERPUD1
HERPUD1-IT1	HERPUD1
HESJAS	DNMT3A
HESR1	HEY1
HEY1	HEY1
HFAT2	FAT2
HG1K	GNA11
HG1N	GNA13
HGF	HGF
HGF5	REST
HGFB	HGF
HGFIN	GPNMB
HGFR	MET
HGK2	DDR1
HGL	NRG1
HH2	FGFR1
HH26	TCF12
HH5	CHD7
HH7	GNRHR
HHC2	GNA11
HHF5	INSR
HHF7	SLC16A1
HHG1	SHH
HHT	ACVRL1
HHT1	ENG
HHT2	ACVRL1
HIAP1	BIRC3
HIAP2	BIRC2
HIES	STAT3
HIES4	IL6ST
HIES4A	IL6ST
HIES4B	IL6ST
HIES5	IL6R
HIES6	STAT6
HIF-1	SETD2
HIF-1-alpha	HIF1A
HIF-1-beta	ARNT
HIF-1A	HIF1A
HIF-1alpha	HIF1A
HIF-1beta	ARNT
HIF-PH1	EGLN2
HIF-PH2	EGLN1
HIF1	HIF1A
HIF1-ALPHA	HIF1A
HIF1-beta	ARNT
HIF1A	HIF1A
HIF1B	ARNT
HIF1BETA	ARNT
HIF2A	EPAS1
HIFPH1	EGLN2
HIFPH2	EGLN1
HIHGHH	AKT2
HIP-1	SETD2
HIP-I	HIP1
HIP1	HIP1
HIP6	PSMD8
HIP8	MAGEA3
HIST1H3A	H3C1
HIST1H3B	H3C2
HIST1H3C	H3C3
HIST1H3D	H3C4
HIST1H3E	H3C6
HIST1H3F	H3C7
HIST1H3G	H3C8
HIST1H3H	H3C10
HIST1H3I	H3C11
HIST1H3J	H3C12
HIST1H4I	H4C9
HIST2H3A	H3C15
HIST2H3C	H3C14
HIST2H3D	H3C13
HIVEN86A	REL
HJCYS	NOTCH2
HJS2	PPP2R1A
HK3	HOOK3
HKLLS2	FAT4
HKPX1	GPHN
HLADG	CD74
HLCDGP1	CSNK1A1
HLD11	POLR1C
HLD27	POLR1A
HLE	ELANE
HLF	HLF
HLH3	UNC13D
HLH4	STX11
HLP2	DDX3X
HLP3	SHH
HLR1	DDX5
HLR2	DDX6
HLRCC	FH
HLXB9	MNX1
HM89	CXCR4
HMB-45	PMEL
HMB45	PMEL
HMG-R	HMGA1
HMGA1	HMGA1
HMGA1A	HMGA1
HMGA2	HMGA2
HMGI-C	HMGA2
HMGIC	HMGA2
HMGIC/NFIB	NFIB
HMGIY	HMGA1
HMH	PIK3CA
HMPS	GREM1
HMPS1	GREM1
HMSN6A	MFN2
HMSNL	NDRG1
HMSNP	TFG
HN3	PSMB4
HNE	ELANE
HNGS1	MRE11
HNPCC1	MSH2
HNPCC2	MLH1
HNPCC3	PMS1
HNPCC4	PMS2
HNPCC5	MSH6
HNPCC8	EPCAM
HNRNPA2	HNRNPA2B1
HNRNPA2B1	HNRNPA2B1
HNRNPB1	HNRNPA2B1
HNRNPP2	FUS
HNRPA2	HNRNPA2B1
HNRPA2B1	HNRNPA2B1
HNRPB1	HNRNPA2B1
HOM-MEL-40	SSX2
HOOK3	HOOK3
HOPA	MED12
HOX1.7	HOXA9
HOX11	TLX1
HOX11L2	TLX3
HOX1G	HOXA9
HOX1I	HOXA11
HOX1J	HOXA13
HOX3	HOXC13
HOX3G	HOXC13
HOX3H	HOXC11
HOX4I	HOXD13
HOXA11	HOXA11
HOXA13	HOXA13
HOXA9	HOXA9
HOXB13	HOXB13
HOXC11	HOXC11
HOXC13	HOXC13
HOXD13	HOXD13
HOXHB9	MNX1
HPC9	HOXB13
HPCX3	AR
HPE13	STAG2
HPE3	SHH
HPE9	GLI2
HPF7	ZNF91
HPH-1	EGLN2
HPH-2	EGLN1
HPH-3	EGLN2
HPH2	EGLN1
HPLH2	PRF1
HPLH3	UNC13D
HPLH4	STX11
HPOT1	POT1
HPP1	NAE1
HPTA	HGF
HPTJT	CDC73
HPTP	PTPRD
HPTPD	PTPRD
HPTPDELTA	PTPRD
HRAD51	RAD51
HRAS	HRAS
HRAS1	HRAS
HRCA1	VHL
HRG	NRG1
HRG1	NRG1
HRG2	NRG2
HRG3	NRG3
HRG4	NRG4
HRGA	NRG1
HRH-J8	DDX10
HRIHFB2216	TSPYL2
HRMT1L1	PRMT2
HRMT1L5	PRMT5
HRP1	USP6
HRPT1	CDC73
HRPT2	CDC73
HRT-1	HEY1
HRTFDS	FGFR1
HRX	KMT2A
HRX2	KMT2B
HS1BP1	HAX1
HS44KDAP	MAPK3
HSA011916	CTDNEP1
HSA242976	DROSHA
HSAN2D	SCN9A
HSAP	MSH6
HSAPXL	SHROOM2
HSCR1	RET
HSD17B5	AKR1C3
HSD48	NACA
HSF	IL6
HSFGFR3EX	FGFR3
HSG	MFN2
HSL7	PRMT5
HSN1E	DNMT1
HSP 75	TRAP1
HSP75	TRAP1
HSP84	HSP90AB1
HSP86	HSP90AA1
HSP89A	HSP90AA1
HSP90A	HSP90AA1
HSP90AA1	HSP90AA1
HSP90AB1	HSP90AB1
HSP90B	HSP90AB1
HSP90B1	HSP90B1
HSP90L	TRAP1
HSP90N	HSP90AA1
HSPC	PSMA7
HSPC027	PSMD13
HSPC069	SETD2
HSPC1	HSP90AA1
HSPC116	SSBP2
HSPC2	HSP90AB1
HSPC215	FOXP1
HSPC252	KBTBD4
HSPCA	HSP90AA1
HSPCAL1	HSP90AA1
HSPCAL4	HSP90AA1
HSPCB	HSP90AB1
HSPN	HSP90AA1
HSRNAFEV	FEV
HSSB	RPA1
HST	FGF4
HST-1	FGF4
HST422	TYMS
HSTF-1	FGF4
HSTF1	FGF4
HSY3RR	CXCR4
HTEX-6	POLR1H
HTEX6	POLR1H
HTF10	ZNF91
HTF4	TCF12
HTRX	KMT2A
HTRX1	KMT2A
HUCEP-13	BAP1
HUMARA	AR
HUMKER1A	MAPK3
HUMP68	DDX5
HUNK1	BRD4
HUNKI	BRD4
HUP1	PAX7
HUP2	PAX3
HVEA	TNFRSF14
HVEM	TNFRSF14
HVSL1	USB1
HYC5	SMARCC1
HYPB	SETD2
HYPD	MAGEA3
HYPERION	AKAP9
HYPF	PSMD8
HYPOC2	GNA11
HYRC	PRKDC
HYRC1	PRKDC
HYSP1	AR
HYX	CDC73
Hc	CLTC
Hiap-2	BIRC2
Hs.54452	IKZF1
HsCDC7	CDC7
HsFH	FH
HsN3	PSMB4
HsRad51	RAD51
HsT1601	TUBB6
HsT16930	RAD51
HsT17266	TCF12
HsT17706	PSMA4
HsT18676	RAB27A
Hsh155	SF3B1
Hsk1	CDC7
Hsp103	HSP90AA1
Hsp89	HSP90AA1
Hsp90	HSP90AA1
HuCds1	CHEK2
Hunc18b	STXBP2
I-REL	RELB
IAP	CD47
IAP-1	BIRC3
IAP-2	BIRC2
IAP-3	XIAP
IBDIMDE	TGFB1
IBGC4	PDGFRB
IBGC5	PDGFB
IBMPFD2	HNRNPA2B1
IBP72	PRMT5
ICD-M	IDH2
ICF	DNMT3B
ICF1	DNMT3B
ID3	ID3
IDCD	IDH1
IDDAS	TBR1
IDDFBA	FBXO11
IDDFSTA	BCL11B
IDDGIP	PPM1D
IDDILF	DDX6
IDDM12	CTLA4
IDDM20	SH2B3
IDDM22	CCR5
IDDSADF	CNOT3
IDDSELD	SETD1B
IDDSSAD	ACTL6B
IDH-2	IDH2
IDH1	IDH1
IDH2	IDH2
IDHM	IDH2
IDO	IDO1
IDO-1	IDO1
IDO1	IDO1
IDPC	IDH1
IDPM	IDH2
IFG	IFNG
IFI	IFNG
IFI10	CXCL10
IFI5111	PSME1
IFN-beta-2	IL6
IFNB2	IL6
IFNG	IFNG
IGA	CD79A
IGAlpha	CD79A
IGB	CD79B
IGF1R	IGF1R
IGF2R	IGF2R
IGFIR	IGF1R
IGFP2	FCRL4
IGFR	IGF1R
IGFR2	FCGR2B
IGHD3	BTK
IHG-2	GREM1
II	CD74
IIAE9	NUP214
IK1	IKZF1
IKAP	ELP1
IKAROS	IKZF1
IKBKAP	ELP1
IKI3	ELP1
IKZF1	IKZF1
IL-1	IL1B
IL-13R	IL13RA2
IL-1Ra	IL6R
IL-2	IL2
IL-31R-beta	OSMR
IL-31RB	OSMR
IL-3R-alpha	IL3RA
IL-4-STAT	STAT6
IL-6	IL6
IL-6R	IL6R
IL-6R-1	IL6R
IL-6RA	IL6R
IL-6RB	IL6ST
IL-7R-alpha	IL7R
IL-7Ralpha	IL7R
IL1-BETA	IL1B
IL13BP	IL13RA2
IL13RA2	IL13RA2
IL1B	IL1B
IL1F2	IL1B
IL1beta	IL1B
IL2	IL2
IL21R	IL21R
IL3R	IL3RA
IL3RA	IL3RA
IL3RAY	IL3RA
IL3RX	IL3RA
IL3RY	IL3RA
IL6	IL6
IL6Q	IL6R
IL6QTL	IL6R
IL6R	IL6R
IL6RA	IL6R
IL6RQ	IL6R
IL6ST	IL6ST
IL7R	IL7R
IL7RA	IL7R
IL7Ralpha	IL7R
ILP-2	BIRC8
ILP1	XIAP
ILP2	BIRC8
ILRA	IL7R
ILWEQ	HIP1
IMAGEI	POLE
IMD1	BTK
IMD104	IL7R
IMD11	CARD11
IMD11A	CARD11
IMD12	MALT1
IMD120	POLD1
IMD121	PSMB10
IMD122	POLD3
IMD129	RHOH
IMD131	IRF4
IMD14	PIK3CD
IMD14A	PIK3CD
IMD14B	PIK3CD
IMD16	TNFRSF4
IMD2	WAS
IMD21	GATA2
IMD22	LCK
IMD26	PRKDC
IMD35	TYK2
IMD36	PIK3R1
IMD37	BCL10
IMD43	B2M
IMD44	STAT2
IMD46	TFRC
IMD49	BCL11B
IMD5	SH2D1A
IMD50	MSN
IMD53	RELB
IMD56	IL21R
IMD68	MYD88
IMD69	IFNG
IMD75	TET2
IMD82	SYK
IMD92	REL
IMD94	IL6ST
IMD97	PIK3CG
IMDDHH	NFE2L2
IMF1	PDGFRB
IMF2	NOTCH3
IMMAS	SUZ12
IMPCHASE	ATIC
INDO	IDO1
INI-1	SMARCB1
INI1	SMARCB1
INK4	CDKN2A
INK4A	CDKN2A
INK4B	CDKN2B
INK4C	CDKN2C
INO80F	TFPT
INO80K	ACTL6A
INP10	CXCL10
INSR	INSR
INT2	FGF3
INT3	NOTCH4
IOTA	PSMA6
IP	SDHB
IP-10	CXCL10
IPCA-2	SLC45A3
IPCA-6	SLC45A3
IPCA-8	SLC45A3
IPCA6	SLC45A3
IPL1	AURKB
IREL	RELB
IRF4	IRF4
IRIS	BRCA1
IRT1	PARP3
IRTA1	FCRL4
IRTA2	FCRL5
IS3	CHD7
ISGF-3	STAT2
ITF1	TCF3
ITK	ITK
Ia-GAMMA	CD74
Igbeta	CD79B
JAB	SOCS1
JAK-3	JAK3
JAK1	JAK1
JAK1A	JAK1
JAK1B	JAK1
JAK2	JAK2
JAK3	JAK3
JAK3_HUMAN	JAK3
JAKL	JAK3
JARID1C	KDM5C
JAZF1	JAZF1
JBP1	PRMT5
JBTS32	SUFU
JC310	MAPKAP1
JDVS	PPM1D
JHDM3A	KDM4A
JHDM3C	KDM4C
JIP	SMAD4
JJAZ1	SUZ12
JKAP	DUSP22
JM21	HDAC6
JMJD2	KDM4A
JMJD2A	KDM4A
JMJD2C	KDM4C
JMJD3	KDM6B
JMML	PTPN11
JMP	PSMB8
JMS	ATRX
JNKK	MAP2K4
JNKK1	MAP2K4
JSP-1	DUSP22
JSP1	DUSP22
JTK1	TYK2
JTK10	JAK2
JTK11	AXL
JTK12	PDGFRB
JTK13	IGF1R
JTK2	FGFR4
JTK3	JAK1
JTK4	FGFR3
JTK7	ABL1
JTK8	LYN
JTK9	HCK
JUN	JUN
JWS	FGFR2
K-ALPHA-1	TUBA1B
K-FGF	FGF4
K-RAS2A	KRAS
K-RAS2B	KRAS
K-RAS4A	KRAS
K-RAS4B	KRAS
K-Ras	KRAS
K-Ras 2	KRAS
K-SAM	FGFR2
K12H4.8-LIKE	DICER1
KABUK1	KMT2D
KABUK2	KDM6A
KAL2	FGFR1
KAL5	CHD7
KAP1	TRIM28
KAPG	PRKACG
KAT13A	NCOA1
KAT13C	NCOA2
KAT3A	CREBBP
KAT3B	EP300
KAT6A	KAT6A
KAT6B	KAT6B
KBF1	NFKB1
KBTBD4	KBTBD4
KCIP-1	YWHAE
KD	AR
KDAC1	HDAC1
KDAC2	HDAC2
KDAC3	HDAC3
KDAC6	HDAC6
KDAC8	HDAC8
KDII	KIF5B
KDM1	KDM1A
KDM1A	KDM1A
KDM4A	KDM4A
KDM4C	KDM4C
KDM5A	KDM5A
KDM5C	KDM5C
KDM6A	KDM6A
KDM6B	KDM6B
KDR	KDR
KDSR	KDSR
KET	TP63
KFGF	FGF4
KGFR	FGFR2
KI-RAS	KRAS
KIAA1546	TET2
KIAA1549	KIAA1549
KIAA1596	FANCM
KIAA1618	RNF213
KIAA1794	FANCI
KIAK0002	CCND2
KIAP	BIRC7
KIBRA	WWC1
KIF5B	KIF5B
KIM-3	HAVCR2
KINH	KIF5B
KINS	AFF3
KIP1	CDKN1B
KIP2	CDKN1C
KIT	KIT
KL-6	MUC1
KLEFS2	KMT2C
KLF4	KLF4
KLF6	KLF6
KLK2	KLK2
KLK2A1	KLK3
KLK2A2	KLK2
KLK3	KLK3
KMS	KMT2D
KMT2A	KMT2A
KMT2B	KMT2B
KMT2C	KMT2C
KMT2D	KMT2D
KMT2E	KMT2E
KMT2G	SETD1B
KMT3A	SETD2
KMT3B	NSD1
KMT3E	SMYD3
KMT3F	NSD2
KMT3G	NSD2
KMT4	DOT1L
KMT6	EZH2
KMT6A	EZH2
KMT8D	PRDM8
KMT8E	MECOM
KMT8F	PRDM16
KNL1	KNL1
KNS	KIF5B
KNS1	KIF5B
KNT	KTN1
KOG1	RPTOR
KOGS	PDGFRB
KPM	LATS2
KRAS	KRAS
KRAS1	KRAS
KRAS2	KRAS
KRML	MAFB
KRS1	STK3
KRS2	STK4
KS1/4	EPCAM
KSA	EPCAM
KTCN9	TUBA3D
KTN1	KTN1
KURIS	BAP1
Ki	PSME3
Ki-1	TNFRSF8
Kto	MED12
L-JAK	JAK3
L-Myc	MYCL
L-PLASTIN	LCP1
L-VEGF	VEGFA
L11	RPL11
L35A	RPL35A
LACS 3	ACSL3
LACS 6	ACSL6
LACS2	ACSL6
LACS3	ACSL3
LACS5	ACSL6
LAF4	AFF3
LAG3	LAG3
LAGE-2	CTAG1B
LAGE2B	CTAG1B
LAMA5	LAMA5
LAMAN	MAN2B1
LAP-2	HSP90AA1
LAP2	HSP90AA1
LARG	ARHGEF12
LASP1	LASP1
LATS1	LATS1
LATS2	LATS2
LAZ3	BCL6
LC64P	LCP1
LCAEOD	TUBB4B
LCAM	CDH1
LCCS2	ERBB3
LCCS5	DNM2
LCFS2	MSH2
LCK	LCK
LCP1	LCP1
LCR1	CXCR4
LCX	TET1
LDS1	TGFBR1
LDS1A	TGFBR1
LDS1B	TGFBR2
LDS2	TGFBR2
LDS2A	TGFBR1
LDS2B	TGFBR2
LDS4	TGFB2
LDS5	TGFB3
LEDGF	PSIP1
LENG2	CNOT3
LESTR	CXCR4
LEU-16	MS4A1
LEU-9	CD7
LFA-3	CD58
LFA3	CD58
LFDH	ECT2L
LFS1	TP53
LFS2	CHEK2
LGCR	EXT1
LGR3	TSHR
LGSS	SPRED1
LHFP	LHFPL6
LHFPL6	LHFPL6
LHRHR	GNRHR
LIB	LRRC15
LIF-R	LIFR
LIFR	LIFR
LIG-1	LRIG1
LIG1	LRIG1
LIG4	LIG4
LIG4S	LIG4
LIGHTR	TNFRSF14
LIN28B	LIN28B
LINC00902	TUSC7
LIPO	HMGA2
LIS3	TUBA1A
LIVIN	BIRC7
LJAK	JAK3
LKB1	STK11
LLS	SETD2
LMNS	NOTCH3
LMO-2	LMO2
LMO1	LMO1
LMO2	LMO2
LMP10	PSMB10
LMP2	PSMB9
LMP7	PSMB8
LMPH1A	FLT4
LMPH1D	VEGFC
LMPHM1	FLT4
LMPHM14	ERG
LMPHM4	VEGFC
LMPX	PSMB5
LMPY	PSMB6
LMS	TP63
LMW-DSP2	DUSP22
LMWDSP2	DUSP22
LMYC	MYCL
LNK	SH2B3
LOH11CR1G	POU2AF3
LOH19CR1	RPS19
LP2261	SS18L1
LPC	PCSK7
LPFS1	ITK
LPFS3	CD70
LPP	LPP
LQT11	AKAP9
LRCC	FH
LRF	ZBTB7A
LRHR	GNRHR
LRIG1	LRIG1
LRIG3	LRIG3
LRRC15	LRRC15
LRRC74BNL	LRRC74BNL
LSAMP-AS3	TUSC7
LSD1	KDM1A
LSIRF	IRF4
LSK	LCK
LSKB	MDM2
LST8	MLST8
LTG19	MLLT1
LVNC8	PRDM16
LYF1	IKZF1
LYK	ITK
LYL1	LYL1
LYN	LYN
LYNCH1	MSH2
LYNCH2	MLH1
LYNCH4	PMS2
LYNCH5	MSH6
LYNCH8	EPCAM
LYP	SH2D1A
LYT-10	NFKB2
LYT10	NFKB2
LZTR-1	LZTR1
LZTR1	LZTR1
Lasp-1	LASP1
Lobe	AKT1S1
LyF-1	IKZF1
M-CSF-R	CSF1R
M-MDH	MDH2
M.HsaIIIA	DNMT3A
M.HsaIIIB	DNMT3B
M1S1	TACSTD2
M40	TUBB
M4S1	EPCAM
M6P-R	IGF2R
M6P/IGF2R	IGF2R
M7MLS1	SAMD9L
M7MLS2	SAMD9
MAA2	BCOR
MABKL1B	MOB1A
MACH	CASP8
MACID	NFIB
MACTHC1	TUBB1
MACTHC2	TUBA8
MAD3L	BUB1B
MADH4	SMAD4
MADH6	SMAD9
MADH7	SMAD7
MADH8	SMAD7
MADH9	SMAD9
MAF	MAF
MAFB	MAFB
MAGE3	MAGEA3
MAGEA3	MAGEA3
MAL	MRTFA
MALT1	MALT1
MALT2	BIRC3
MAM-3	MAML2
MAM2	MAML2
MAM3	MAML2
MAM6	MUC1
MAML2	MAML2
MAN2B1	MAN2B1
MANB	MAN2B1
MAP2K1	MAP2K1
MAP2K2	MAP2K2
MAP2K4	MAP2K4
MAP3K1	MAP3K1
MAPE	PRAME
MAPK1	MAPK1
MAPK11	MAPK11
MAPK14	MAPK14
MAPK2	MAPK1
MAPK3	MAPK3
MAPKAP1	MAPKAP1
MAPKK1	MAP2K1
MAPKK2	MAP2K2
MAPKK4	MAP2K4
MAPKKK1	MAP3K1
MARF	MFN2
MASH1	ASCL1
MASNS	PRKAR1B
MASTC	KIT
MATINS	MYH9
MATS1	MOB1A
MATS2	MOB1B
MAX	MAX
MAY1	PRKCD
MAZR	PATZ1
MB-1	CD79A
MC2DN1	SDHA
MC2DN3	SDHD
MC2DN4	SDHB
MCAHS2	PIGA
MCB1	PSMD4
MCD	MUC1
MCDDBH	CARS1
MCEF	AFF4
MCF3	ROS1
MCH4	CASP10
MCH5	CASP8
MCK10	DDR1
MCKD	MUC1
MCKD1	MUC1
MCL	FH
MCL1	MCL1
MCL1-ES	MCL1
MCL1L	MCL1
MCL1S	MCL1
MCM	PIK3CA
MCMT	DNMT1
MCMTC	PIK3CA
MCOPCB5	SHH
MCOPS2	BCOR
MCOPS3	SOX2
MCOPS5	OTX2
MCOPS6	BMP4
MCPH12	CDK6
MCPH31	CDK4
MCPH4	KNL1
MCT	SLC16A1
MCT1	SLC16A1
MCT1D	SLC16A1
MCTO	MAFB
MCUL1	FH
MDA-6	CDKN1A
MDA-BF-1	ERBB3
MDBH	CARS1
MDCR	YWHAE
MDH	MDH2
MDH2	MDH2
MDM2	MDM2
MDM4	MDM4
MDMX	MDM4
MDPL	POLD1
MDS014	RBM8A
MDS033	PSENEN
MDS1	MECOM
MDS1-EVI1	MECOM
ME20	PMEL
ME20-M	PMEL
ME20M	PMEL
ME5	FAT1
MEAI	MEN1
MEC1	ATR
MECL1	PSMB10
MECOM	MECOM
MECT1	CRTC1
MED12	MED12
MED12S	MED12
MEF	ELF4
MEF2B	MEF2B
MEF2D	MEF2D
MEGAP	SRGAP3
MEGF1	FAT2
MEK1	MAP2K1
MEK2	MAP2K2
MEK4	MAP2K4
MEKK	MAP3K1
MEKK 1	MAP3K1
MEKK1	MAP3K1
MEL	MAP2K1
MEL1	PRDM16
MEMRYQTL	WWC1
MEN	ELL
MEN1	MEN1
MEN1B	CDKN1B
MEN2A	RET
MEN2B	RET
MEN4	CDKN1B
MEN5	MAX
MER	MERTK
MER6	CD47
MERTK	MERTK
MET	MET
METCDS	PTPN11
METS	ETV3
MFH	FOXP1
MFN2	MFN2
MFS2	TGFBR2
MFT	CYLD
MFT1	CYLD
MGC:11246	CARS1
MGC:3559	MDH2
MGC:7868	PARP9
MGCR	MN1
MGCR1	MN1
MGCR1-PEN	MN1
MGDF	THPO
MGF	STAT5A
MGMT	MGMT
MGRISCE1	BLM
MHA	MYH9
MHAM	PTEN
MHC1D4	B2M
MHC2D1	CIITA
MHC2TA	CIITA
MI	MITF
MIB006	PARP11
MIC18	EPCAM
MIG-6	ERRFI1
MIG20a	DDR2
MIG6	ERRFI1
MIHA	XIAP
MIHB	BIRC2
MIHC	BIRC3
MINOR	NR4A3
MIP1	MAPKAP1
MIP224	PSMC4
MIRAGE	SAMD9
MITA	STING1
MITF	MITF
MITF-A	MITF
MITR	HDAC9
MIZ	ZMIZ1
MIZ-1	ZBTB17
MK-1	EPCAM
MKCSF	THPO
MKHK1	CREBBP
MKHK2	EP300
MKK1	MAP2K1
MKK2	MAP2K2
MKK4	MAP2K4
MKL	MRTFA
MKL1	MRTFA
MKMS	STAG2
MKP-5	DUSP10
MKP-x	DUSP22
MKP5	DUSP10
MKPX	DUSP22
ML	THPO
ML-IAP	BIRC7
MLF1	MLF1
MLH-1	MLH1
MLH1	MLH1
MLH2	PMS1
MLH4	PMS2
MLIAP	BIRC7
MLL	KMT2A
MLL-AF6	AFDN
MLL-MAML2	MAML2
MLL1	KMT2A
MLL1A	KMT2A
MLL1B	KMT2B
MLL3	KMT2C
MLL5	KMT2E
MLLT1	MLLT1
MLLT10	MLLT10
MLLT11	MLLT11
MLLT2	AFF1
MLLT2-like	AFF3
MLLT3	MLLT3
MLLT4	AFDN
MLLT5	EPS15
MLLT6	MLLT6
MLLT7	FOXO4
MLM	CDKN2A
MLN 19	ERBB2
MLN-19	ERBB2
MLN50	LASP1
MLSM7	SAMD9L
MLST8	MLST8
MLT	MALT1
MLT1	MALT1
MMAC1	PTEN
MMAP	WDCP
MMDS3	VTI1A
MMGL	PDE4DIP
MMRCS1	MLH1
MMRCS2	MSH2
MMRCS3	MSH6
MMRCS4	PMS2
MMSET	NSD2
MMVP2	DCHS1
MN1	MN1
MNDLFH	ZBTB7A
MNG1	DICER1
MNS	FLNA
MNX1	MNX1
MO15	CDK7
MOB1	MOB1A
MOB1A	MOB1A
MOB1B	MOB1B
MOB4A	MOB1B
MOBK1B	MOB1A
MOBKL1A	MOB1B
MOBKL1B	MOB1A
MOC-31	EPCAM
MOCODC	GPHN
MODED	MYCN
MODY11	BLK
MONOMAC	GATA2
MOP1	HIF1A
MOP2	EPAS1
MOR1	MDH2
MORF	KAT6B
MOV34	PSMD7
MOZ	KAT6A
MOZ2	KAT6B
MPAPA	MYCN
MPF	MSLN
MPL	MPL
MPLLG	THPO
MPLPF	DDX41
MPLV	MPL
MPPH1	PIK3R2
MPPH2	AKT3
MPPH3	CCND2
MPR 300	IGF2R
MPR1	IGF2R
MPR300	IGF2R
MPRI	IGF2R
MPSH	GREM1
MPYS	STING1
MRD12	ARID1B
MRD14	ARID1A
MRD15	SMARCB1
MRD16	SMARCA4
MRD19	CTNNB1
MRD21	CTCF
MRD29	SETBP1
MRD30	ZMYND11
MRD32	KAT6A
MRD36	PPP2R1A
MRD45	CIC
MRD56	CLTC
MRD68	KMT2B
MRD70	SETD2
MRE11	MRE11
MRE11A	MRE11
MRE11B	MRE11
MRF-2	ARID5B
MRF2	ARID5B
MRMV2	RAD51
MRP1	MDM4
MRT2	CRBN
MRT2A	CRBN
MRT79	TPR
MRTF-A	MRTFA
MRTFA	MRTFA
MRTL	MYC
MRX102	DDX3X
MRX13	KDM5C
MRX52	ATRX
MRXJ	KDM5C
MRXS16	KDM5C
MRXS34	NONO
MRXS6	HDAC8
MRXSCJ	KDM5C
MRXSJ	KDM5C
MRXSPF	TFE3
MRXSSB	DDX3X
MS4A1	MS4A1
MSF	SEPTIN9
MSF1	SEPTIN9
MSH-2	MSH2
MSH-6	MSH6
MSH2	MSH2
MSH6	MSH6
MSI2	MSI2
MSI2H	MSI2
MSK39	NCAM1
MSL	MFN2
MSLN	MSLN
MSN	MSN
MSS1	PSMC2
MSSE	TGFBR1
MST075	RPA1
MST084	GRB2
MST1	STK4
MST109	PARP12
MST131	NRG1
MST1R	MST1R
MST2	STK3
MSTP064	PSENEN
MSTP084	GRB2
MSTP109	PARP12
MSTP131	NRG1
MTC	NTRK1
MTC1	RET
MTCP1	MTCP1
MTG16	CBFA2T3
MTGR2	CBFA2T3
MTOR	MTOR
MTS-1	CDKN2A
MTS1	CDKN2A
MTS2	CDKN2B
MU	PSMA2
MU-RMS-40.16A	AKAP9
MU-RMS-40.19	KTN1
MUC-1	MUC1
MUC-1/SEC	MUC1
MUC-1/X	MUC1
MUC-17	MUC17
MUC-3	MUC17
MUC1	MUC1
MUC1/ZD	MUC1
MUC17	MUC17
MUC3	MUC17
MUL	TRIM37
MUM1	IRF4
MUNC18-2	STXBP2
MUTYH	MUTYH
MVA1	BUB1B
MVA2	CEP57
MVA3	TRIP13
MVCD1	VEGFA
MVP2	DCHS1
MVti1	VTI1A
MXR7	GPC3
MYB	MYB
MYBL1	MYBL1
MYC	MYC
MYCBP2	MYCBP2
MYCC	MYC
MYCL	MYCL
MYCL1	MYCL
MYCN	MYCN
MYCNsORF	MYCN
MYCNsPEP	MYCN
MYD88	MYD88
MYD88D	MYD88
MYF3	MYOD1
MYH	MUTYH
MYH11	MYH11
MYH9	MYH9
MYHRS	SMAD4
MYL	PML
MYMY2	RNF213
MYMY8	NOS3
MYN	PALLD
MYNN	MYNN
MYOD	MYOD1
MYOD1	MYOD1
MYODRIF	MYOD1
MYOSCO	PAX7
MYSM1	MYSM1
MYST-3	KAT6A
MYST3	KAT6A
MYST4	KAT6B
MYSTR	RNF213
Mam-2	CRTC1
Mcl-1	MCL1
Mi-2b	CHD4
Mi2-BETA	CHD4
Mif1	HERPUD1
Mip1	RPTOR
Mob4B	MOB1A
Mpn1	USB1
Munc13-4	UNC13D
Mxi2	MAPK14
Myc-bp2	MYCBP2
N-CoR	NCOR1
N-CoR1	NCOR1
N-CoR2	NCOR2
N-SAM	FGFR1
N-myc	MYCN
N-ras	NRAS
NAALAD1	FOLH1
NAC-alpha	NACA
NACA	NACA
NACA1	NACA
NAE1	NAE1
NAG-2	TSPAN4
NAG2	TSPAN4
NAIP	NAIP
NAMPT	NAMPT
NAP1BP	ABI1
NAP57	DKC1
NAPI-3B	SLC34A2
NAPI-IIb	SLC34A2
NAT	BRD2
NBCCS	PTCH1
NBLA00548	FAT4
NBLST2	PHOX2B
NBLST3	ALK
NBN	NBN
NBP	TP63
NBPhox	PHOX2B
NBS	NBN
NBS1	NBN
NBSLD	RAD50
NC	CHN1
NCAM	NCAM1
NCAM1	NCAM1
NCBRS	SMARCA2
NCFTD	FOLR1
NCKAP2	GRB2
NCKIPSD	NCKIPSD
NCMS	NRAS
NCOA1	NCOA1
NCOA2	NCOA2
NCOA4	NCOA4
NCOR1	NCOR1
NCOR2	NCOR2
NCRNA00295	TUSC7
NCSTN	NCSTN
NCoA-2	NCOA2
NDAXOA	SDHA
NDF	NRG1
NDNS	DOT1L
NDR1	NDRG1
NDRG1	NDRG1
NE	ELANE
NE-NA	SCN9A
NECRC	ZMYM2
NEDBA	ODC1
NEDBAS	DLL1
NEDBIA	ODC1
NEDCFSA	KDM6B
NEDCHF	HDAC4
NEDCHID	HDAC4
NEDDFSA	ZMIZ1
NEDEHC	KDM5A
NEDEPH	PIGA
NEDFIH	NAE1
NEDGTH	PSMC1
NEDHSS	EIF4A2
NEDMHAL	PSMB1
NEDSDV	CTNNB1
NEDSST	KDM6B
NEDXCF	STAG2
NEM1	TPM3
NENA	SCN9A
NEP	DDR1
NERF	ELF2
NERF-1A	ELF2
NERF-1B	ELF2
NERF-1a	ELF2
NERF-2	ELF2
NERP2	HEY1
NESP	GNAS
NET	ELK3
NET23	STING1
NET56	CTDNEP1
NET57	RNF213
NEU	ERBB2
NF-E1	GATA1
NF-EM5	IRF4
NF-I/B	NFIB
NF-kB	NFKB1
NF-kB1	NFKB1
NF-kB2	NFKB2
NF-kappa-B1	NFKB1
NF-kappaB	NFKB1
NF-kappabeta	NFKB1
NF1	NF1
NF1-B	NFIB
NF2	NF2
NFE1	GATA1
NFE1B	GATA2
NFE2L2	NFE2L2
NFI-B	NFIB
NFI-RED	NFIB
NFIB	NFIB
NFIB2	NFIB
NFIB3	NFIB
NFKB-p105	NFKB1
NFKB-p50	NFKB1
NFKB1	NFKB1
NFKB2	NFKB2
NFKB3	RELA
NFLS	SPRED1
NFNS	NF1
NFT2	GABPA
NFTC	SAMD9
NFkappaB	NFKB1
NGL	ERBB2
NHBP	FLNA
NHL	RTEL1
NHP2	NHP2
NHP2P	NHP2
NILR	IL21R
NIN	NIN
NISBD2	EGFR
NK-2	NKX2-1
NKJO	PSMB8
NKL	GLIS2
NKX2-1	NKX2-1
NKX2.1	NKX2-1
NKX2A	NKX2-1
NKp44L	KMT2E
NLRA	CIITA
NLRB1	NAIP
NMB	GPNMB
NME1	RMRP
NMHC-II-A	MYH9
NMMHC-IIA	MYH9
NMMHCA	MYH9
NMP-22	NUMA1
NMP4	ZNF384
NMSL	NDRG1
NMT55	NONO
NMTC1	NKX2-1
NMYC	MYCN
NNCIS	EGFR
NOLA1	GAR1
NOLA2	NHP2
NOLA3	NOP10
NOLA4	DKC1
NONO	NONO
NOP10	NOP10
NOP10P	NOP10
NOR-90	UBTF
NOR1	NR4A3
NOS3	NOS3
NOSIII	NOS3
NOT3	CNOT3
NOT3H	CNOT3
NOTCH1	NOTCH1
NOTCH2	NOTCH2
NOTCH3	NOTCH3
NOTCH4	NOTCH4
NP	ZNF384
NP79	TSPYL2
NPAT	NPAT
NPCA3	MST1R
NPHP7	GLIS2
NPHS26	LAMA5
NPHS4	WT1
NPM	NPM1
NPM1	NPM1
NPTIIb	SLC34A2
NPY3R	CXCR4
NPYR	CXCR4
NPYRL	CXCR4
NPYY3R	CXCR4
NR1B1	RARA
NR1C3	PPARG
NR3A1	ESR1
NR3A2	ESR2
NR3C1	NR3C1
NR3C4	AR
NR4A3	NR4A3
NR5A1	NR5A1
NR6	CRLF1
NRAS	NRAS
NRAS1	NRAS
NRB54	NONO
NRF2A	GABPA
NRG1	NRG1
NRG1-IT2	NRG1
NRG2	NRG2
NRG3	NRG3
NRG4	NRG4
NRSF	REST
NS	KRAS
NS1	PTPN11
NS10	LZTR1
NS13	MAPK1
NS2	LZTR1
NS3	KRAS
NS4	SOS1
NS5	RAF1
NS6	NRAS
NS7	BRAF
NS8	RIT1
NSD1	NSD1
NSD2	NSD2
NSLH1	SHOC2
NSLL	CBL
NSP	SPECC1
NSP5	SPECC1
NT5B	NT5C2
NT5C2	NT5C2
NTAK	NRG2
NTEF-1	TEAD1
NTRK1	NTRK1
NTRK2	NTRK2
NTRK3	NTRK3
NTRK4	DDR1
NTRKR1	ROR1
NTRKR2	ROR2
NTRKR3	DDR2
NU	PSMA1
NUMA	NUMA1
NUMA1	NUMA1
NUP196	NUP98
NUP214	NUP214
NUP96	NUP98
NUP98	NUP98
NUT	NUTM1
NUTM1	NUTM1
NUTM2A	NUTM2A
NUTM2B	NUTM2B
NY-CO-9	HDAC5
NY-ESO-1	CTAG1B
NaPi2b	SLC34A2
Nav1.7	SCN9A
Nbla00127	CBLB
Nbla10058	PSMC2
Nin1p	PSMD8
Npl3	TAF15
Nrf-2	NFE2L2
Nup98-96	NUP98
O/E-1	EBF1
O27.1.1	BRD2
OA3	CD47
OAF1	HEY1
OASIS	CREB3L1
OB	CDH11
OBF-1	POU2AF1
OBF1	POU2AF1
OBHD	NTRK2
OCA-T2	POU2AF3
OCAB	POU2AF1
OCI-5	GPC3
OCNDS	CSNK2A1
OCT3	POU5F1
OCT4	POU5F1
OCT4Borf1	POU5F1
ODC	ODC1
ODC1	ODC1
ODCD	TRIP11
ODCD1	TRIP11
ODCRCS	AXIN2
ODED	MYCN
ODG8	ESR2
ODLURO	KMT2E
OEF1	SAMD9
OEF2	SAMD9
OES	KRAS
OFC11	BMP4
OFC8	TP63
OFD21	ZRSR2
OGD	FGFR1
OHDOX	MED12
OI1	COL1A1
OI16	CREB3L1
OI2	COL1A1
OI3	COL1A1
OI4	COL1A1
OIP-4	PRAME
OIP4	PRAME
OK/SW-cl.5	TPM3
OK/SW-cl.56	TUBB
OKS	MED12
OLF1	EBF1
OLIG2	OLIG2
OLIGO2	OLIG2
OMD	OMD
OMS	A2ML1
OOMD	TUBB8
OOMD2	TUBB8
OOMD9	TRIP13
OPA1	MED12
OPD	FLNA
OPD1	FLNA
OPD2	FLNA
OPDKD	PDGFRB
OPDM2	HNRNPA2B1
OPHN1L	ARHGAP26
OPHN1L1	ARHGAP26
OPMD2	HNRNPA2B1
ORF1	NCKIPSD
ORFX	BRD3
ORW1	ENG
ORW2	ACVRL1
OSA1	ARID1A
OSA2	ARID1B
OSAD	OMD
OSCS	AMER1
OSF-4	CDH11
OSM	OSM
OSMR	OSMR
OSMRB	OSMR
OSMRbeta	OSMR
OSRC	RB1
OST1	RPN1
OSZF	MYNN
OTF-3	POU5F1
OTF3	POU5F1
OTF4	POU5F1
OTSC12	SMARCA4
OTT	RBM15
OTT1	RBM15
OTUD7C	TNFAIP3
OTX2	OTX2
OX-40L	TNFSF4
OX40	TNFRSF4
OX4OL	TNFSF4
OZEMA2	TUBB8
OZEMA21	CHEK1
OZEMA23	TUBA4A
OZEMA24	TUBA1C
OZEMA9	TRIP13
Oct-3	POU5F1
Oct-4	POU5F1
Oct3/4	POU5F1
P100	PMEL
P110BETA	PIK3CB
P110DELTA	PIK3CD
P112	PSMD1
P113	STAT2
P13MTCP1	MTCP1
P14	CDKN2A
P14ARF	CDKN2A
P15	CDKN2B
P16	CDKN2A
P16INK4	CDKN2A
P16INK4A	CDKN2A
P19	CDKN2A
P19ARF	CDKN2A
P21	CDKN1A
P250R	ARID1B
P26S4	PSMC1
P270	ARID1A
P27KIP1	CDKN1B
P2RY8	P2RY8
P2Y8	P2RY8
P38B	MAPK11
P38BETA2	MAPK11
P40	PSMD7
P42MAPK	MAPK1
P44ERK1	MAPK3
P44MAPK	MAPK3
P53	TP53
P54NRB	NONO
P58	PSMD3
P65	SYT1
P66	POLD3
P68	POLD3
P76RBE	RHPN2
P7B2	SCG5
P85B	PIK3R2
P95	NBN
P97	PSMD2
PA200	PSME4
PA28-gamma	PSME3
PA28A	PSME1
PA28B	PSME2
PA28G	PSME3
PA28alpha	PSME1
PA28beta	PSME2
PA28gamma	PSME3
PAC1	KLF6
PAD1	PSMD14
PADPRT-3	PARP3
PAF49	POLR1G
PAF53	POLR1E
PAIP	PSIP1
PALB2	PALB2
PALLD	PALLD
PAM	MYCBP2
PAPA8	GLI1
PARK6	PINK1
PARN	PARN
PARP	PARP1
PARP-1	PARP1
PARP-14	PARP14
PARP-2	PARP2
PARP-4	PARP4
PARP-5a	TNKS
PARP-5b	TNKS2
PARP-5c	TNKS2
PARP-6-B1	PARP6
PARP-6-C	PARP6
PARP1	PARP1
PARP10	PARP10
PARP11	PARP11
PARP12	PARP12
PARP13	ZC3HAV1
PARP14	PARP14
PARP15	PARP15
PARP16	PARP16
PARP2	PARP2
PARP3	PARP3
PARP4	PARP4
PARP5A	TNKS
PARP5B	TNKS2
PARP5C	TNKS2
PARP6	PARP6
PARP7	TIPARP
PARP8	PARP8
PARP9	PARP9
PARS	PARP1
PASD2	EPAS1
PASD8	HIF1A
PATZ	PATZ1
PATZ1	PATZ1
PAX-3	PAX3
PAX-5	PAX5
PAX-8	PAX8
PAX3	PAX3
PAX5	PAX5
PAX7	PAX7
PAX7B	PAX7
PAX8	PAX8
PB1	PBRM1
PBEF	NAMPT
PBEF1	NAMPT
PBM1	AFF1
PBRM1	PBRM1
PBT	KIT
PBX1	PBX1
PC7	PCSK7
PC8	PCSK7
PCANAP2	SLC45A3
PCANAP6	SLC45A3
PCANAP8	SLC45A3
PCASP1	MALT1
PCDH16	DCHS1
PCDH23	DCHS2
PCDHJ	DCHS2
PCL	FLT4
PCM1	PCM1
PCSK7	PCSK7
PD-1	PDCD1
PD-L1	CD274
PD-L2	PDCD1LG2
PD1	PDCD1
PDCD1	PDCD1
PDCD1L1	CD274
PDCD1L2	PDCD1LG2
PDCD1LG1	CD274
PDCD1LG2	PDCD1LG2
PDE4DIP	PDE4DIP
PDEF	SPDEF
PDGF-2	PDGFB
PDGF-A	PDGFA
PDGF1	PDGFA
PDGF2	PDGFB
PDGFA	PDGFA
PDGFB	PDGFB
PDGFR	PDGFRB
PDGFR-1	PDGFRB
PDGFR-2	PDGFRA
PDGFR1	PDGFRB
PDGFR2	PDGFRA
PDGFRA	PDGFRA
PDGFRB	PDGFRB
PDK1	PDPK1
PDL1	CD274
PDL2	PDCD1LG2
PDMCS	MAX
PDPK1	PDPK1
PE-1	ETV3
PE-2	ERF
PE1	ETV3
PE2	ERF
PEA3	ETV4
PEAS3	ETV4
PEBP2B	CBFB
PEBP2aB	RUNX1
PEBP2alpha	RUNX1
PEM	MUC1
PEMT	MUC1
PEN-2	PSENEN
PEN2	PSENEN
PENTT	PDGFRB
PER	PER1
PER1	PER1
PET-1	FEV
PFBMFT1	TERT
PFBMFT2	TERC
PFBMFT3	RTEL1
PFBMFT4	PARN
PFBMFT6	RPA1
PFBMFT8	POT1
PFBMFT9	NOP10
PFIC-2	ABCB11
PFIC2	ABCB11
PFM13	PRDM16
PFM5	PRDM8
PFM7	PRDM10
PFP	PRF1
PFRK	FOXL2
PGFS	AKR1C3
PGL	SDHD
PGL1	SDHD
PGL2	SDHAF2
PGL3	SDHC
PGL4	SDHB
PGL5	SDHA
PGY4	ABCB11
PH5P	PARP4
PHD1	EGLN2
PHD2	EGLN1
PHF6	PHF6
PHF9	FANCL
PHL	BCR
PHLPP	PHLPP1
PHLPP1	PHLPP1
PHLPP2	PHLPP2
PHLPPL	PHLPP2
PHLS	SMO
PHOX1	PRRX1
PHOX2B	PHOX2B
PHR1	MYCBP2
PHS2	GLI2
PI31	PSMF1
PI3CG	PIK3CG
PI3K-alpha	PIK3CA
PI3KBETA	PIK3CB
PI3Kdelta	PIK3CD
PI3Kgamma	PIK3CG
PIA	RICTOR
PICALM	PICALM
PICD	IDH1
PIG-A	PIGA
PIG2	GREM1
PIG61	EGFR
PIG8	CEP57
PIGA	PIGA
PIK3	PIK3CG
PIK3C1	PIK3CB
PIK3CA	PIK3CA
PIK3CB	PIK3CB
PIK3CD	PIK3CD
PIK3CG	PIK3CG
PIK3R1	PIK3R1
PIK3R2	PIK3R2
PIM	PIM1
PIM1	PIM1
PINK1	PINK1
PINTO	FOXL2
PIP1	ACD
PIST	GOPC
PITA1	AIP
PITA3	GNAS
PITALRE	CDK9
PJS	STK11
PKA C-beta	PRKACB
PKACA	PRKACA
PKACB	PRKACB
PKACg	PRKACG
PKB	AKT1
PKB-ALPHA	AKT1
PKB-GAMMA	AKT3
PKBB	AKT2
PKBBETA	AKT2
PKBG	AKT3
PKC-L	PRKCH
PKC-MU	PRKD1
PKC-alpha	PRKCA
PKC-beta	PRKCB
PKCA	PRKCA
PKCB	PRKCB
PKCD	PRKCD
PKCE	PRKCE
PKCI	PRKCI
PKCI(2)	PRKCB
PKCI+/-	PRKCA
PKCL	PRKCH
PKCM	PRKD1
PKCalpha	PRKCA
PKCbeta	PRKCB
PKD	PRKD1
PKD1	PRKD1
PKR1	PRKAR1A
PKR2	PRKAR2A
PKS2	ARAF
PKWS	RASA1
PLAG1	PLAG1
PLCA1	OSMR
PLCA3	GPNMB
PLEKHE1	PHLPP1
PLK	PLK1
PLK1	PLK1
PLS2	LCP1
PLSTIRE	CDK6
PLZF	ZBTB16
PMEL	PMEL
PMEL17	PMEL
PMGYSA	TUBB2B
PML	PML
PMN-E	ELANE
PMS-2	PMS2
PMS1	PMS1
PMS2	PMS2
PMSA2	PSMA2
PMSB1	PSMB1
PMSL1	PMS1
PMSL2	PMS2
PMX1	PRRX1
PMX2B	PHOX2B
PN	USB1
PN1	SCN9A
PNCA1	PALLD
PNCA2	BRCA2
PNCA3	PALB2
PNCA4	BRCA1
PNH1	PIGA
PNT5	NT5C2
PNUTL1	SEPTIN5
PNUTL4	SEPTIN9
POB1	TRIM37
POBINDS	CSNK2B
POF15	FANCM
POF17	XRCC2
POF3	FOXL2
POF7	NR5A1
POG	FANCL
POH	GNAS
POH1	PSMD14
POLD	POLD1
POLD1	POLD1
POLD3	POLD3
POLE	POLE
POLE1	POLE
POLH	POLH
POLR1A	POLR1A
POLR1B	POLR1B
POLR1C	POLR1C
POLR1D	POLR1D
POLR1E	POLR1E
POLR1F	POLR1F
POLR1G	POLR1G
POLR1H	POLR1H
POMP100	SFPQ
POMP75	FUS
POP3	MLST8
POT1	POT1
POU2AF1	POU2AF1
POU2AF3	POU2AF3
POU5F1	POU5F1
PP1425	CHEK2
PP2A-Aalpha	PPP2R1A
PP2AA	PPP2R1A
PP2AAALPHA	PPP2R1A
PP2C-DELTA	PPM1D
PP384	WDCP
PP610	PRR5
PP8675	PML
PPARG	PPARG
PPARG1	PPARG
PPARG2	PPARG
PPARG5	PPARG
PPARgamma	PPARG
PPBL	CARD11
PPD1	GLI1
PPGL1	SDHD
PPGL2	SDHAF2
PPGL3	SDHC
PPGL4	SDHB
PPGL5	SDHA
PPGL8	TMEM127
PPH2	SMAD9
PPM1D	PPM1D
PPM3A	PHLPP1
PPM3B	PHLPP2
PPNAD1	PRKAR1A
PPNAD4	PRKACA
PPOL	PARP1
PPP1R109	NCOR1
PPP1R114	NONO
PPP1R128	POLD3
PPP1R130	RB1
PPP1R140	SFPQ
PPP1R144	SMARCB1
PPP1R147	SPRED1
PPP1R157	TRIM28
PPP1R160	TSC2
PPP1R168	WWC1
PPP1R45	AKAP9
PPP1R46	APC
PPP1R47	AURKA
PPP1R48	AURKB
PPP1R50	BCL2
PPP1R52	BCL2L1
PPP1R53	BRCA1
PPP1R55	KNL1
PPP1R68	ELL
PPP1R71	PTK2
PPP1R90	HDAC6
PPP1R92	IKZF1
PPP2R1A	PPP2R1A
PPRibP	PRPS1
PR264	SRSF2
PR65A	PPP2R1A
PRAAS1	PSMB8
PRAAS5	PSMB10
PRAAS6	PSMB9
PRAD1	CCND1
PRAF1	POLR1E
PRAME	PRAME
PRAS40	AKT1S1
PRCC	PRCC
PRDI-BF1	PRDM1
PRDM1	PRDM1
PRDM10	PRDM10
PRDM16	PRDM16
PRDM3	MECOM
PRDM8	PRDM8
PREF1	DLK1
PRF1	PRF1
PRKA9	AKAP9
PRKACA	PRKACA
PRKACB	PRKACB
PRKACG	PRKACG
PRKAR1A	PRKAR1A
PRKAR1B	PRKAR1B
PRKAR2A	PRKAR2A
PRKAR2B	PRKAR2B
PRKBA	AKT1
PRKBB	AKT2
PRKBG	AKT3
PRKCA	PRKCA
PRKCB	PRKCB
PRKCB1	PRKCB
PRKCB2	PRKCB
PRKCBP2	OLIG2
PRKCD	PRKCD
PRKCE	PRKCE
PRKCH	PRKCH
PRKCI	PRKCI
PRKCL	PRKCH
PRKCM	PRKD1
PRKCQ	PRKCQ
PRKCT	PRKCQ
PRKD1	PRKD1
PRKDC	PRKDC
PRKM1	MAPK1
PRKM11	MAPK11
PRKM14	MAPK14
PRKM15	MAPK14
PRKM2	MAPK1
PRKM3	MAPK3
PRKMK1	MAP2K1
PRKMK2	MAP2K2
PRKMK4	MAP2K4
PRLMNS	DIS3L2
PRMT2	PRMT2
PRMT5	PRMT5
PRO0461	PDPK1
PRO0758	IKZF1
PRO1280	SUFU
PRO1328	APH1B
PRO2194	ACSL3
PRO232	PSCA
PRO2451	SMARCD2
PRO2792	ARHGEF12
PRO2975	CSNK1A1
PRO820	FCRL5
PROMM	CNBP
PROS-26	PSMB4
PROS26	PSMB4
PROS27	PSMA6
PROS30	PSMA1
PROTOR-1	PRR5
PROTOR1	PRR5
PROXY1	NDRG1
PRP10	SF3B1
PRPF10	SF3B1
PRPS1	PRPS1
PRR5	PRR5
PRRX1	PRRX1
PRS-I	PRPS1
PRSI	PRPS1
PRSS10	TMPRSS2
PRSS24	STEAP1
PRST	SLC45A3
PRX-1	PRRX1
PRX1	PRRX1
PS-1	PSEN1
PS1	PSEN1
PS2	PSEN2
PS6K	RPS6KB1
PSC2	PSMA2
PSC3	PSMA3
PSC9	PSMA4
PSCA	PSCA
PSCP	BRCA1
PSCTK1	BTK
PSCTK2	ITK
PSEN1	PSEN1
PSEN2	PSEN2
PSENEN	PSENEN
PSF	SFPQ
PSFL	APH1B
PSGD	HOXB13
PSIP1	PSIP1
PSIP2	PSIP1
PSK-J3	CDK4
PSM	FOLH1
PSMA	FOLH1
PSMA1	PSMA1
PSMA2	PSMA2
PSMA3	PSMA3
PSMA4	PSMA4
PSMA5	PSMA5
PSMA6	PSMA6
PSMA7	PSMA7
PSMA7L	PSMA8
PSMA8	PSMA8
PSMB1	PSMB1
PSMB10	PSMB10
PSMB2	PSMB2
PSMB3	PSMB3
PSMB4	PSMB4
PSMB5	PSMB5
PSMB5i	PSMB8
PSMB6	PSMB6
PSMB6i	PSMB9
PSMB7	PSMB7
PSMB8	PSMB8
PSMB9	PSMB9
PSMC1	PSMC1
PSMC2	PSMC2
PSMC3	PSMC3
PSMC4	PSMC4
PSMC5	PSMC5
PSMC6	PSMC6
PSMD1	PSMD1
PSMD10	PSMD10
PSMD11	PSMD11
PSMD12	PSMD12
PSMD13	PSMD13
PSMD14	PSMD14
PSMD15	SEM1
PSMD16	ADRM1
PSMD2	PSMD2
PSMD3	PSMD3
PSMD4	PSMD4
PSMD5	PSMD5
PSMD6	PSMD6
PSMD7	PSMD7
PSMD8	PSMD8
PSMD9	PSMD9
PSME1	PSME1
PSME2	PSME2
PSME3	PSME3
PSME4	PSME4
PSMF1	PSMF1
PSNL1	PSEN1
PTC2	PTCH2
PTC3	NCOA4
PTC4	PCM1
PTC6	TRIM24
PTC7	TRIM33
PTCH	PTCH1
PTCH1	PTCH1
PTCH2	PTCH2
PTEN	PTEN
PTEN1	PTEN
PTENbeta	PTEN
PTENgama	PTEN
PTK2	PTK2
PTK3	DDR1
PTK3A	DDR1
PTK8	MST1R
PTN2	PTPN2
PTOP	ACD
PTORCH3	STAT2
PTP-1D	PTPN11
PTP1B	PTPN1
PTP2C	PTPN11
PTPD	PTPRD
PTPN1	PTPN1
PTPN11	PTPN11
PTPN2	PTPN2
PTPRD	PTPRD
PTPT	PTPN2
PU.1	SPI1
PULAM	SLC34A2
PURH	ATIC
Phr	MYCBP2
Poly-PARP	PARP1
Pref-1	DLK1
Prkar1alpha	PRKAR1A
QPS1	SDHC
QPs3	SDHD
QRF1	FOXP1
R-PTP-delta	PTPRD
R51H2	RAD51B
RAB27	RAB27A
RAB27A	RAB27A
RAB5EP	RABEP1
RABEP1	RABEP1
RABPT5	RABEP1
RAC	AKT1
RAC-ALPHA	AKT1
RAC-BETA	AKT2
RAC-PK-gamma	AKT3
RAC-gamma	AKT3
RACK17	OLIG2
RAD1	ERCC4
RAD10	ERCC1
RAD25	ERCC3
RAD30	POLH
RAD30A	POLH
RAD4	XPC
RAD50	RAD50
RAD502	RAD50
RAD51	RAD51
RAD51A	RAD51
RAD51B	RAD51B
RAD51C	RAD51C
RAD51D	RAD51D
RAD51L1	RAD51B
RAD51L2	RAD51C
RAD51L3	RAD51D
RAD53	CHEK2
RAD54	ATRX
RAD54L	ATRX
RAF1	RAF1
RAFA1	ARAF
RAFB1	BRAF
RAFT1	MTOR
RAG-1	RAG1
RAG-2	RAG2
RAG1	RAG1
RAG2	RAG2
RAI17	ZMIZ1
RALD	KRAS
RALD1	NRAS
RALD2	KRAS
RALGDS	RALGDS
RALT	ERRFI1
RAM	RAB27A
RAMP	ZMYM2
RANBP17	RANBP17
RANSE3L	DROSHA
RAP1GDS1	RAP1GDS1
RAPAS	SETD2
RAPT1	MTOR
RAR	RARA
RARA	RARA
RARalpha	RARA
RASA	RASA1
RASA1	RASA1
RASGAP	RASA1
RASH1	HRAS
RASK2	KRAS
RAUST	NSD2
RB	RB1
RB1	RB1
RBBP-2	KDM5A
RBBP2	KDM5A
RBM15	RBM15
RBM8	RBM8A
RBM8A	RBM8A
RBP2	KDM5A
RBP56	TAF15
RBPH1	RPN1
RBTN1	LMO1
RBTN2	LMO2
RBTNL1	LMO2
RC6-1	PSMA7
RCA1	VHL
RCC	PBRM1
RCC17	ASPSCR1
RCCP1	PRCC
RCCX1	TFE3
RCH04A07	GABPA
RCK	DDX6
RDC-1	ACKR3
RDC1	ACKR3
RDT	SMARCB1
RE2	GPR161
REC2	RAD51B
RECA	RAD51
RECK	RECK
RECQ2	BLM
RECQ3	WRN
RECQ4	RECQL4
RECQL4	RECQL4
REF1	TEAD1
REG-GAMMA	PSME3
REGalpha	PSME1
REGbeta	PSME2
REIIBP	NSD2
REL	REL
REL-B	RELB
RELA	RELA
RELB	RELB
REPA1	RPA1
REPA3	RPA3
REST	REST
RET	RET
RET-ELE1	RET
RET/PCM-1	PCM1
RF-A	RPA1
RFG	NCOA4
RFG5	GOLGA5
RFG7	TRIM33
RFP	TRIM27
RGDS	RALGDS
RGF	RALGDS
RHBDF2	RHBDF2
RHBDL5	RHBDF2
RHBDL6	RHBDF2
RHEB	RHEB
RHEB2	RHEB
RHO12	RHOA
RHOA	RHOA
RHOBP	RHPN2
RHOGAP2	CHN1
RHOH	RHOH
RHOH12	RHOA
RHOM1	LMO1
RHOM2	LMO2
RHPN2	RHPN2
RHS	TP63
RIA1	ELF1
RIAZ	PATZ1
RIBB	RIT1
RICTOR	RICTOR
RIG-I	RIGI
RIG1	RIGI
RIGI	RIGI
RIGUI	PER1
RII-BETA	PRKAR2B
RIIC	TGFBR2
RING10	PSMB8
RING12	PSMB9
RING3	BRD2
RING3L	BRD3
RIP160	NCOA1
RIT	RIT1
RIT1	RIT1
RIT42	NDRG1
RITA	ZNF331
RK	MAPK14
RLR-1	RIGI
RMI2	RMI2
RMP	ABCA4
RMRP	RMRP
RMRPR	RMRP
RMS2	PAX7
RMSE2	DICER1
RN	U2AF1
RN3	DROSHA
RNASE3L	DROSHA
RNASEN	DROSHA
RNF136	BIRC8
RNF163	CNBP
RNF213	RNF213
RNF3	BRD2
RNF48	BIRC2
RNF49	BIRC3
RNF50	BIRC7
RNF53	BRCA1
RNF55	CBL
RNF56	CBLB
RNF57	CBLC
RNF71	PML
RNF74	RAG1
RNF76	TRIM27
RNF82	TRIM24
RNF96	TRIM28
RNHF	TGFB3
RNPA2	HNRNPA2B1
RNU2AF1	U2AF1
RNX	TLX3
RO	CALR
ROC1	RIT1
ROCHIS	PIK3CD
RON	MST1R
ROPP120	EML4
ROR1	ROR1
ROR2	ROR2
ROS	ROS1
ROS1	ROS1
RP-A	RPA1
RP-A p14	RPA3
RP19	ABCA4
RP38	MERTK
RP39	USH2A
RP86	KIAA1549
RPA1	RPA1
RPA135	POLR1B
RPA16	POLR1D
RPA190	POLR1A
RPA194	POLR1A
RPA2	POLR1B
RPA3	RPA3
RPA34	POLR1G
RPA39	POLR1C
RPA40	POLR1C
RPA43	POLR1F
RPA49	POLR1E
RPA5	POLR1C
RPA70	RPA1
RPA9	POLR1D
RPAC1	POLR1C
RPAC2	POLR1D
RPC16	POLR1D
RPC40	POLR1C
RPD3-2	HDAC3
RPD3L1	HDAC1
RPL11	RPL11
RPL35A	RPL35A
RPN1	RPN1
RPN11	PSMD14
RPN3	PSMD3
RPO1-3	POLR1D
RPO1-4	POLR1A
RPO14	POLR1A
RPS17	RPS17
RPS17L	RPS17
RPS17L1	RPS17
RPS17L2	RPS17
RPS19	RPS19
RPS24	RPS24
RPS6KB1	RPS6KB1
RPS7	RPS7
RPT1	PSMC2
RPT2	PSMC1
RPT3	PSMC4
RPT6	PSMC5
RPTOR	RPTOR
RPTPDELTA	PTPRD
RRP2	RMRP
RRS1	ROR2
RSE	TYRO3
RSRFR2	MEF2B
RSTS	CREBBP
RSTS1	CREBBP
RSTS2	EP300
RTEF1	TEAD4
RTEL	RTEL1
RTEL1	RTEL1
RTK6	DDR1
RTP	NDRG1
RTPS1	SMARCB1
RTPS2	SMARCA4
RUNDC2A	SNX29
RUNX1	RUNX1
RUNX1T3	CBFA2T3
RUNXBP2	KAT6A
RUSAT1	HOXA11
RUSAT2	MECOM
Raf-1	RAF1
RalGEF	RALGDS
Rck/p54	DDX6
Rek	TYRO3
Rhe	FIP1L1
Rpa12	POLR1H
Rpn10	PSMD4
Rpn12	PSMD8
Rpn2	PSMD1
Rpn4	PSMD9
Rpn5	PSMD12
Rpn6	PSMD11
Rpn7	PSMD6
Rpn8	PSMD7
Rpn9	PSMD13
Rpo1-2	POLR1B
S1	PSMD1
S10	PSMD6
S11	PSMD13
S12	PSMD7
S14	PSMD8
S152	CD27
S152. LPFS2	CD27
S17	RPS17
S182	PSEN1
S19	RPS19
S2	PSMD2
S24	RPS24
S3	PSMD3
S4	PSMC1
S473K	PRKDC
S5A	PSMD4
S5B	PSMD5
S6	PSMC4
S6K	RPS6KB1
S6K-beta-1	RPS6KB1
S6K1	RPS6KB1
S8	PSMC5
S9	PSMD11
SA-2	STAG2
SA2	STAG2
SAIDV	LYN
SAMD9	SAMD9
SAMD9L	SAMD9L
SAMRCA2	SMARCA2
SAP	SH2D1A
SAP-2	ELK3
SAP/SH2D1A	SH2D1A
SAP1	ELK4
SAP155	SF3B1
SAP2	ELK3
SAPK2	MAPK11
SAPK2A	MAPK14
SAPK2B	MAPK11
SAPKK-1	MAP2K4
SAPKK1	MAP2K4
SAV	SAV1
SAV1	SAV1
SAVI	STING1
SB1.8	SMC1A
SBBIZ1	MYNN
SBDS	SBDS
SBMA	AR
SBS	CYLD
SC-35	SRSF2
SC35	SRSF2
SCA45	FAT2
SCA49	SAMD9L
SCAN-1	CANT1
SCAN1	CANT1
SCARNA19	TERC
SCC3B	STAG2
SCDO1	DLL3
SCFR	KIT
SCG2	MEN1
SCG5	SCG5
SCG6	GNAS
SCH	NF2
SCKL	ATR
SCKL1	ATR
SCKL7	NIN
SCL	TAL1
SCLL	ZMYM2
SCN1	ELANE
SCN2	GFI1
SCN3	HAX1
SCN4	G6PC3
SCN7	CSF3R
SCN9A	SCN9A
SCNX	WAS
SCOP	PHLPP1
SCRA1	MNX1
SCYB10	CXCL10
SDC4	SDC4
SDH	SDHB
SDH3	SDHC
SDH4	SDHD
SDH5	SDHAF2
SDHA	SDHA
SDHAF2	SDHAF2
SDHB	SDHB
SDHC	SDHC
SDHD	SDHD
SDHF	SDHA
SDHIP	SDHB
SDI1	CDKN1A
SDO1	SBDS
SDR35C1	KDSR
SDS	SBDS
SDYS	GPC3
SE204	TSPYL2
SEA	MST1R
SEB	SETBP1
SEK1	MAP2K4
SEL-10	FBXW7
SEL10	FBXW7
SEM1	SEM1
SEP2	SEPTIN6
SEPT2	SEPTIN6
SEPT5	SEPTIN5
SEPT6	SEPTIN6
SEPT9	SEPTIN9
SEPTIN5	SEPTIN5
SEPTIN6	SEPTIN6
SEPTIN9	SEPTIN9
SERK1	MAP2K4
SET2	SETD2
SETBP1	SETBP1
SETD1B	SETD1B
SETD2	SETD2
SETD5B	KMT2E
SF	HGF
SF-1	NR5A1
SF1	NR5A1
SF3B1	SF3B1
SF3b155	SF3B1
SFNP	SCN9A
SFPI1	SPI1
SFPQ	SFPQ
SFRS2	SRSF2
SFRS2A	SRSF2
SFRS3	SRSF3
SFTA5	CLDN18
SFTPJ	CLDN18
SGA-113M	PSMD6
SGB	GPC3
SGBS	GPC3
SGBS1	GPC3
SGD2	SMARCD2
SGK	SGK1
SGK1	SGK1
SGMRT2	RIGI
SGNE1	SCG5
SGPA	PLAG1
SH-PTP2	PTPN11
SH-PTP3	PTPN11
SH2B3	SH2B3
SH2BP1	CTR9
SH2D1A	SH2D1A
SH3D2B	SH3GL1
SH3GL1	SH3GL1
SH3P8	SH3GL1
SHAPNS	ASXL2
SHAPY	CANT1
SHEP8	IRF4
SHFD1	SEM1
SHFM1	SEM1
SHFM4	TP63
SHH	SHH
SHOC2	SHOC2
SHON	HIP1
SHONbeta	HIP1
SHONgamma	HIP1
SHP2	PTPN11
SHROOM2	SHROOM2
SHSF1	SEM1
SHUVER	BCORL1
SI	PMEL
SIAA0862	SHOC2
SIC-1	FLI1
SIGLEC-2	CD22
SIGLEC-3	CD33
SIGLEC2	CD22
SIGLEC3	CD33
SIH002	PALLD
SIHIWES	CHD4
SII	TCEA1
SIL	PMEL
SILV	PMEL
SIMP	FAP
SIN1	MAPKAP1
SIN1b	MAPKAP1
SIN1g	MAPKAP1
SINT1	SEPTIN9
SIS	PDGFB
SIX1	SIX1
SIX2	SIX2
SJS2	LIFR
SK	DKK1
SKB1	PRMT5
SKB1Hs	PRMT5
SKK1	MAP2K4
SKR1	ACVR1
SKR3	ACVRL1
SKR4	TGFBR1
SKR5	BMPR1A
SKS	MTOR
SLC16A1	SLC16A1
SLC34A2	SLC34A2
SLC45A3	SLC45A3
SLC65B1	PTCH1
SLC65B2	PTCH2
SLEB2	PDCD1
SLK	FYN
SLRR2C	OMD
SM20	EGLN1
SMAD4	SMAD4
SMAD7	SMAD7
SMAD8	SMAD9
SMAD8/9	SMAD9
SMAD8A	SMAD9
SMAD8B	SMAD9
SMAD9	SMAD9
SMAP270	NCOR2
SMARCA2	SMARCA2
SMARCA4	SMARCA4
SMARCB1	SMARCB1
SMARCC1	SMARCC1
SMARCC2	SMARCC2
SMARCD1	SMARCD1
SMARCD2	SMARCD2
SMARCD3	SMARCD3
SMARCE1	SMARCE1
SMARCF1	ARID1A
SMARCF2	ARID1B
SMARCF3	ARID2
SMARCH1	PBRM1
SMARCJ1	BCL7A
SMARCL1	SS18
SMARCL2	SS18L1
SMARCM1	BCL11A
SMARCM2	BCL11B
SMARCN1	ACTL6A
SMARCN2	ACTL6B
SMAX1	AR
SMC1	SMC1A
SMC1A	SMC1A
SMC1L1	SMC1A
SMC1alpha	SMC1A
SMCB	SMC1A
SMCX	KDM5C
SMDF	NRG1
SMDP4	CSF2RA
SMHC	MYH11
SMMCI	SHH
SMMHC	MYH11
SMMS-1	MYH11
SMO	SMO
SMOH	SMO
SMRP	MSLN
SMRT	NCOR2
SMRTE	NCOR2
SMRTE-tau	NCOR2
SMTPHN	AIP
SMUCKLER	TIMD4
SMYD3	SMYD3
SNF2-beta	SMARCA4
SNF2L2	SMARCA2
SNF2L4	SMARCA4
SNF2LA	SMARCA2
SNF2LB	SMARCA4
SNF5	SMARCB1
SNF5L1	SMARCB1
SNRPB1	HNRNPA2B1
SNX29	SNX29
SOC2	SHOC2
SOCS-1	SOCS1
SOCS-2	SOCS2
SOCS1	SOCS1
SOCS2	SOCS2
SOS-1	SOS1
SOS1	SOS1
SOSS-B2	SSBP2
SOTOS	NSD1
SOTOS1	NSD1
SOTV	EXT2
SOX2	SOX2
SPAX11	TUBA4A
SPC7	PCSK7
SPD	HOXD13
SPD1	HOXD13
SPDEF	SPDEF
SPECC1	SPECC1
SPG45	NT5C2
SPG57	TFG
SPG65	NT5C2
SPGF21	BRDT
SPGF28	FANCM
SPGF5	AURKC
SPGF50	XRCC2
SPGF8	NR5A1
SPGFX5	SSX1
SPGP	ABCB11
SPI-1	SPI1
SPI-A	SPI1
SPI-B	SPIB
SPI-C	SPIC
SPI1	SPI1
SPIB	SPIB
SPIC	SPIC
SPIN90	NCKIPSD
SPRED1	SPRED1
SPTCL	HAVCR2
SRC	SRC
SRC-2	NCOA2
SRG3	SMARCC1
SRGAP2	SRGAP3
SRGAP3	SRGAP3
SRIF-2	SSTR1
SRS4	PLAG1
SRS5	HMGA2
SRSF2	SRSF2
SRSF3	SRSF3
SRTD22	FGF4
SRXX4	NR5A1
SRXY3	NR5A1
SRXY6	MAP3K1
SRp20	SRSF3
SRp30b	SRSF2
SS-1-R	SSTR1
SS-3-R	SSTR3
SS-4-R	SSTR4
SS-5-R	SSTR5
SS1-R	SSTR1
SS18	SS18
SS18L1	SS18L1
SS1R	SSTR1
SS3-R	SSTR3
SS3R	SSTR3
SS4-R	SSTR4
SS4R	SSTR4
SSA	CALR
SSBP2	SSBP2
SSH3BP	ABI1
SSH3BP1	ABI1
SSI-1	SOCS1
SSI-2	SOCS2
SSI1	SOCS1
SSI2	SOCS2
SSK1	BUB1B
SSMS	EXT2
SSR-28	SSTR3
SSRC	SSX1
SST1	SSTR1
SST2	SSTR2
SST3	SSTR3
SST4	SSTR4
SST5	SSTR5
SSTR1	SSTR1
SSTR2	SSTR2
SSTR3	SSTR3
SSTR4	SSTR4
SSTR5	SSTR5
SSV	PDGFB
SSX	SSX2
SSX1	SSX1
SSX2	SSX2
SSX4	SSX4
SSXT	SS18
ST12	KLF6
ST15	RECK
STAG2	STAG2
STAT113	STAT2
STAT2	STAT2
STAT3	STAT3
STAT5A	STAT5A
STAT5B	STAT5B
STAT6	STAT6
STAT6B	STAT6
STAT6C	STAT6
STATI2	SOCS2
STEAP	STEAP1
STEAP1	STEAP1
STGD	ABCA4
STGD1	ABCA4
STING	STING1
STING-beta	STING1
STING1	STING1
STISS	PSMD12
STK-1	AURKB
STK-2	AKT3
STK11	STK11
STK12	AURKB
STK13	AURKC
STK14A	RPS6KB1
STK15	AURKA
STK3	STK3
STK4	STK4
STK5	AURKB
STK6	AURKA
STK7	AURKA
STM2	PSEN2
STO	NSD1
STPK13	PLK1
STQTL9	HMGA2
STWS	LIFR
STWS2	IL6ST
STX11	STX11
STXBP2	STXBP2
SUFU	SUFU
SUFUH	SUFU
SUFUXL	SUFU
SUG-1	PSMC5
SUG1	PSMC5
SUG2	PSMC6
SUP	HERPUD1
SUR8	SHOC2
SUZ12	SUZ12
SVAS	ELN
SVP65	SYT1
SWD3	WDR5
SWDS	SBDS
SWI3	SMARCC1
SWNTS1	SMARCB1
SWNTS2	LZTR1
SWNV	NF2
SYK	SYK
SYN	FYN
SYND4	SDC4
SYT1	SYT1
SeptD1	SEPTIN9
Septin-5	SEPTIN5
Septin-6	SEPTIN6
Set1B	SETD1B
Sfh1p	SMARCB1
SgV	SCG5
SgVI	GNAS
Shfdg1	SEM1
ShhNC	SHH
Sky	TYRO3
SmgGDS	RAP1GDS1
Snr1	SMARCB1
Spc7	KNL1
Ssl2	ERCC3
Sth1p	SMARCA2
T/EBP	NKX2-1
T14	CD27
T9	TFRC
TAAD2	TGFBR2
TAAV688	APH1B
TACSTD1	EPCAM
TACSTD2	TACSTD2
TAF15	TAF15
TAF2N	TAF15
TAFII68	TAF15
TAK	CDK9
TAL-2	TAL2
TAL1	TAL1
TAL2	TAL2
TAN1	NOTCH1
TANCR	TNFSF10
TANGO	ARNT
TANK2	TNKS2
TAR	RBM8A
TARG1	NDRG1
TAZ	WWTR1
TBHS2	CDH11
TBP-7	PSMC4
TBP1	PSMC3
TBP10	PSMC5
TBP7	PSMC4
TBR-1	TBR1
TBR-i	TGFBR1
TBR-ii	TGFBR2
TBR1	TBR1
TBRI	TGFBR1
TBRII	TGFBR2
TBRS	DNMT3A
TC-PTP	PTPN2
TC45	PTPN2
TC48	PTPN2
TCAB1	WRAP53
TCEA	TCEA1
TCEA1	TCEA1
TCELLPTP	PTPN2
TCF-12	TCF12
TCF-13	TEAD1
TCF-3	TCF3
TCF-4	TCF7L2
TCF12	TCF12
TCF13	TEAD1
TCF13L1	TEAD4
TCF3	TCF3
TCF4	TCF7L2
TCF7L1	TCF7L1
TCF7L2	TCF7L2
TCGF	IL2
TCL1	TCL1A
TCL1A	TCL1A
TCL1C	MTCP1
TCL3	TLX1
TCL5	TAL1
TCPTP	PTPN2
TCS1	TERT
TCS2	POLR1D
TCS3	POLR1C
TCS4	POLR1B
TCTEX6	POLR1H
TDD5	NDRG1
TDRD14A	KDM4A
TDRD14C	KDM4C
TEAD-1	TEAD1
TEAD-2	TEAD2
TEAD-3	TEAD3
TEAD1	TEAD1
TEAD2	TEAD2
TEAD3	TEAD3
TEAD4	TEAD4
TEAD5	TEAD3
TEBIVANED4	H4C9
TEBP	NKX2-1
TEF-1	TEAD1
TEF-3	TEAD4
TEF-4	TEAD2
TEF-5	TEAD3
TEF1	USP7
TEF4	TEAD2
TEF5	TEAD3
TEFR-1	TEAD4
TEK	TEK
TEL	ETV6
TEL-2	ETV7
TEL/ABL	ETV6
TEL1	ATM
TEL2	ETV7
TELB	ETV7
TELO1	ATM
TEM	CYLD
TENT5C	TENT5C
TEP1	PTEN
TER	TERC
TERC	TERC
TERT	TERT
TES-56	TBR1
TET1	TET1
TET2	TET2
TETRASPAN	TSPAN4
TEVANED4	H4C9
TEX6	POLR1H
TF	F3
TF1A	TRIM24
TF1B	TRIM28
TF1G	TRIM33
TF2S	TCEA1
TF6	TFG
TFA	F3
TFE3	TFE3
TFEA	TFE3
TFG	TFG
TFIIS	TCEA1
TFM	AR
TFPT	TFPT
TFR	TFRC
TFR1	TFRC
TFRC	TFRC
TGF-beta1	TGFB1
TGF-beta2	TGFB2
TGF-beta3	TGFB3
TGFB	TGFB1
TGFB1	TGFB1
TGFB2	TGFB2
TGFB3	TGFB3
TGFBR1	TGFBR1
TGFBR2	TGFBR2
TGFR-1	TGFBR1
TGFR-2	TGFBR2
TGFbeta	TGFB1
TGFbeta-RII	TGFBR2
THC	WAS
THC1	WAS
THC2	ANKRD26
THC5	ETV6
THC6	SRC
THC9	THPO
THCYT1	THPO
THCYT2	MPL
THP1	GLI2
THP2	GLI2
THPO	THPO
THPOR	MPL
THRAP3	THRAP3
TIE-2	TEK
TIE2	TEK
TIF1	TRIM24
TIF1A	TRIM24
TIF1ALPHA	TRIM24
TIF1B	TRIM28
TIF1G	TRIM33
TIF1GAMMA	TRIM33
TIF1beta	TRIM28
TIF2	NCOA2
TIFGAMMA	TRIM33
TIM3	HAVCR2
TIM4	TIMD4
TIMD-3	HAVCR2
TIMD3	HAVCR2
TIMD4	TIMD4
TIN1	TNKS
TIN2	TINF2
TINF1	TNKS
TINF2	TINF2
TINT1	ACD
TIP-3	SOCS1
TIP21	ZBTB7A
TIP27	JAZF1
TIP3	SOCS1
TIP39	SIX1
TIPARP	TIPARP
TITF1	NKX2-1
TK14	FGFR2
TK25	FGFR2
TKF	FGFR4
TKR1	ERBB2
TKT	DDR2
TL2	TNFSF10
TLS	FUS
TLX1	TLX1
TLX3	TLX3
TM	MCL1
TM-5	TPM3
TM-PAP	ACP3
TM3	TPM3
TM30	TPM3
TM30nm	TPM3
TM4SF7	TSPAN4
TM5	TPM3
TMEM127	TMEM127
TMEM173	STING1
TMPRSS2	TMPRSS2
TMS	TYMS
TNFA1P2	TNFAIP3
TNFAIP3	TNFAIP3
TNFRSF13A	TNFRSF17
TNFRSF14	TNFRSF14
TNFRSF17	TNFRSF17
TNFRSF4	TNFRSF4
TNFRSF5	CD40
TNFRSF6	FAS
TNFRSF7	CD27
TNFRSF8	TNFRSF8
TNFSF10	TNFSF10
TNFSF4	TNFSF4
TNFSF6	FASLG
TNFSF7	CD70
TNKL	TNKS2
TNKS	TNKS
TNKS1	TNKS
TNKS2	TNKS2
TNLG1A	FASLG
TNLG2B	TNFSF4
TNLG6A	TNFSF10
TNLG8A	CD70
TNRC1	ZNF384
TNRC11	MED12
TNRC14	NCOR2
TNRC21	KMT2D
TOC	RHBDF2
TOCG	RHBDF2
TOP1	TOP1
TOP2	TOP2A
TOP2A	TOP2A
TOP2alpha	TOP2A
TOPI	TOP1
TOPIIA	TOP2A
TORC-1	CRTC1
TORC-3	CRTC3
TORC1	CRTC1
TORC3	CRTC3
TOT1	ELP1
TP15	CDKN2B
TP16	CDKN2A
TP2	TERT
TP2A	TOP2A
TP41	CD7
TP53	TP53
TP53CP	TP63
TP53L	TP63
TP63	TP63
TP73L	TP63
TPC	CCDC6
TPDS1	BAP1
TPDS3	POT1
TPDS4	CHEK2
TPM3	TPM3
TPM3nu	TPM3
TPM4	TPM4
TPMT	TPMT
TPMTD	TPMT
TPMsk3	TPM3
TPO	THPO
TPOR	MPL
TPP1	ACD
TPR	TPR
TPRC	PRCC
TPT	SHH
TPTPS	SHH
TR2	TNFRSF14
TRA1	HSP90B1
TRAC-1	NCOR2
TRAD	RAD51D
TRAFIP10	ZMIZ1
TRAIL	TNFSF10
TRAP-1	TRAP1
TRAP1	TRAP1
TRAP150	THRAP3
TRAP2	PSMD2
TRAP230	MED12
TRC3	TERC
TRE17	USP6
TRE2	USP6
TRESMCR	USP6
TRFR	TFRC
TRIM19	PML
TRIM24	TRIM24
TRIM27	TRIM27
TRIM28	TRIM28
TRIM33	TRIM33
TRIM37	TRIM37
TRIP-11	TRIP11
TRIP1	PSMC5
TRIP11	TRIP11
TRIP13	TRIP13
TRIP230	TRIP11
TRIS	PRDM10
TRK1	NTRK1
TRKA	NTRK1
TRKB	NTRK2
TRKC	NTRK3
TRKE	DDR1
TRKT3	TFG
TROP1	EPCAM
TROP2	TACSTD2
TRP53	TP53
TRPS2	EXT1
TRT	TERT
TRX1	KMT2A
TRX2	KMT2B
TRX5	NSD2
TS	TYMS
TS11	ASNS
TSBP	CTR9
TSC	TSC1
TSC1	TSC1
TSC2	TSC2
TSC4	TSC2
TSE1	PRKAR1A
TSHR	TSHR
TSLP	TSLP
TSLPR	CRLF2
TSP57	CEP57
TSPAN-4	TSPAN4
TSPAN26	CD37
TSPAN4	TSPAN4
TSPX	TSPYL2
TSPYL2	TSPYL2
TSR-I	ACVRL1
TSRI	ACVR1
TST1	CCDC6
TSTA2	PSMD3
TTD	ERCC2
TTD1	ERCC2
TTD2	ERCC3
TTF	RHOH
TTF-1	NKX2-1
TTF1	NKX2-1
TTG1	LMO1
TTG2	LMO2
TTL	TTL
TTV	EXT1
TUBA1	TUBA4A
TUBA1A	TUBA1A
TUBA1B	TUBA1B
TUBA1C	TUBA1C
TUBA3	TUBA1A
TUBA3C	TUBA3C
TUBA3D	TUBA3D
TUBA3E	TUBA3E
TUBA3FP	LRRC74BNL
TUBA3GP	TUBA3GP
TUBA4	TUBA4B
TUBA4A	TUBA4A
TUBA4B	TUBA4B
TUBA6	TUBA1C
TUBA8	TUBA8
TUBAL2	TUBA8
TUBAL3	TUBAL3
TUBB	TUBB
TUBB-5	TUBB6
TUBB1	TUBB1
TUBB2A	TUBB2A
TUBB2B	TUBB2B
TUBB2C	TUBB4B
TUBB3	TUBB3
TUBB4A	TUBB4A
TUBB4B	TUBB4B
TUBB4Q	TUBB7P
TUBB5	TUBB
TUBB6	TUBB6
TUBB7P	TUBB7P
TUBB8	TUBB8
TUBB8B	TUBB8B
TUBB8P12	TUBB8B
TUBD	TUBD1
TUBD1	TUBD1
TUBE	TUBE1
TUBE1	TUBE1
TUBG	TUBG1
TUBG1	TUBG1
TUBG2	TUBG2
TUBGCP1	TUBG1
TUG	ASPSCR1
TUSC7	TUSC7
TWISTNB	POLR1F
TXGP1	TNFSF4
TXGP1L	TNFRSF4
TYK2	TYK2
TYMS	TYMS
TYRO10	DDR2
TYRO3	TYRO3
TYRO4	EPHA3
Tif	TYRO3
Tim-3	HAVCR2
Tp40	CD7
Tp55	CD27
Tre-2	USP6
Trk-A	NTRK1
Tyro12	MERTK
Tyro7	AXL
U21B31	CCND1
U2AF1	U2AF1
U2AF1-RS2	ZRSR2
U2AF1L2	ZRSR2
U2AF1RS2	ZRSR2
U2AF35	U2AF1
U2AFBP	U2AF1
UBF	UBTF
UBF-1	UBTF
UBF1	UBTF
UBF2	UBTF
UBM2	BAP1
UBR6	FBXO11
UBTF	UBTF
UBXD9	ASPSCR1
UBXN9	ASPSCR1
UCHL2	BAP1
UEF1	SAMD9L
UFO	AXL
UG063H01	FBXO11
UGRP	G6PC3
UKHC	KIF5B
UNC13D	UNC13D
UNC18-2	STXBP2
UNC18B	STXBP2
URP	ZRSR2
US2	USH2A
USB1	USB1
USH2	USH2A
USH2A	USH2A
USHRN	USH2A
USP6	USP6
USP6-short	USP6
USP7	USP7
USPL2	CYLD
UTX	KDM6A
UV-DDB2	DDB2
UV20	ERCC1
UVDR	ERCC5
UVM2	BAP1
UVO	CDH1
VAULT3	PARP4
VDIR	TCF3
VEGF	VEGFA
VEGF-D	VEGFD
VEGFA	VEGFA
VEGFB	VEGFB
VEGFC	VEGFC
VEGFD	VEGFD
VEGFL	VEGFB
VEGFR	KDR
VEGFR-1	FLT1
VEGFR-3	FLT4
VEGFR1	FLT1
VEGFR2	KDR
VEGFR3	FLT4
VF	NAMPT
VHL	VHL
VHL1	VHL
VHX	DUSP22
VIL2	EZR
VIP54	NCKIPSD
VISFATIN	NAMPT
VIT1	FBXO11
VMCM	TEK
VMCM1	TEK
VMLDS1	DCHS1
VMLDS2	FAT4
VPARP	PARP4
VPF	VEGFA
VRF	VEGFB
VRNF	NF1
VRP	VEGFC
VSCM2	MYH11
VSCN1	ERBB3
VSCN2	ERBB2
VTI1A	VTI1A
VTI1RP2	VTI1A
VWA5C	PARP4
Vti1-rp2	VTI1A
WAF1	CDKN1A
WAGR	WT1
WAIT1	EED
WAMTP1	CRTC1
WARTS	LATS1
WAS	WAS
WASLBP	NCKIPSD
WASP	WAS
WASPA	WAS
WAT1	MLST8
WBP-7	KMT2B
WBP7	KMT2B
WBSCR8	CLDN4
WDCP	WDCP
WDR5	WDR5
WDR79	WRAP53
WDSTS	KMT2A
WEE1	WEE1
WEE1A	WEE1
WEE1hu	WEE1
WHIM	CXCR4
WHIMS	CXCR4
WHIMS1	CXCR4
WHS	NSD2
WHSC1	NSD2
WIF-1	WIF1
WIF1	WIF1
WIP1	PPM1D
WISH	NCKIPSD
WIT-2	WT1
WM1	MYD88
WRAP53	WRAP53
WRCN	DDR2
WRN	WRN
WRP	SRGAP3
WS	ELN
WS1	PAX3
WS2	MITF
WS2A	MITF
WS3	PAX3
WSS	NF1
WT-1	WT1
WT1	WT1
WT33	WT1
WT6	REST
WT7	TRIM28
WTS	HDAC8
WTX	AMER1
WVS	EZH2
WVS2	EZH2
WW45	SAV1
WWC1	WWC1
WWP4	SAV1
WWTR1	WWTR1
Willin	FRMD6
XAP-2	AIP
XAP101	DKC1
XAP2	AIP
XAPC7	PSMA7
XBR	REST
XE169	KDM5C
XFEPS	ERCC4
XFIM	ZMYM3
XH2	ATRX
XIAP	XIAP
XLA	BTK
XLANP	GATA1
XLID112	ZMYM3
XLP	SH2D1A
XLP2	XIAP
XLPD	SH2D1A
XLPD1	SH2D1A
XLTDA	GATA1
XLTT	GATA1
XLVD	FLNA
XMVD	FLNA
XNP	ATRX
XP-V	POLH
XP1	XPA
XP3	XPC
XPA	XPA
XPAC	XPA
XPB	ERCC3
XPC	XPC
XPCC	XPC
XPD	ERCC2
XPE	DDB2
XPF	ERCC4
XPG	ERCC5
XPGC	ERCC5
XPO1	XPO1
XPV	POLH
XRCC11	BRCA2
XRCC2	XRCC2
XRCC7	PRKDC
XRCC9	FANCG
Y14	RBM8A
YAF1	HDAC2
YAP	YAP1
YAP-1	YAP1
YAP1	YAP1
YAP2	YAP1
YAP65	YAP1
YEATS1	MLLT1
YEATS3	MLLT3
YKI	YAP1
YKNS	PSMC5
YOTIAO	AKAP9
YSK3	STK4
YT16	LCK
YWHAE	YWHAE
ZAP	ZC3HAV1
ZBTB16	ZBTB16
ZBTB17	ZBTB17
ZBTB19	PATZ1
ZBTB27	BCL6
ZBTB31	MYNN
ZBTB7	ZBTB7A
ZBTB7A	ZBTB7A
ZC2HC6A	KAT6A
ZC2HC6B	KAT6B
ZC3H1	PARP12
ZC3H2	ZC3HAV1
ZC3H22	ZRSR2
ZC3HAV1	ZC3HAV1
ZC3HDC1	PARP12
ZC3HDC2	ZC3HAV1
ZCCHC22	CNBP
ZETA	PSMA5
ZF9	KLF6
ZIC	ZIC1
ZIC1	ZIC1
ZIMP10	ZMIZ1
ZIPZAP	ARID2
ZMIZ1	ZMIZ1
ZMYM2	ZMYM2
ZMYM3	ZMYM3
ZMYND1	SMYD3
ZMYND11	ZMYND11
ZMYND4	CBFA2T3
ZMYND6	EGLN1
ZNF-HX	ATRX
ZNF145	ZBTB16
ZNF151	ZBTB17
ZNF163	GFI1
ZNF163B	GFI1B
ZNF198	ZMYM2
ZNF198L2	ZMYM3
ZNF201	ZIC1
ZNF220	KAT6A
ZNF261	ZMYM3
ZNF278	PATZ1
ZNF331	ZNF331
ZNF361	ZNF331
ZNF384	ZNF384
ZNF463	ZNF331
ZNF51	BCL6
ZNF521	ZNF521
ZNF60	ZBTB17
ZNF802	JAZF1
ZNF856	BCL11A
ZNF856B	BCL11B
ZNF857A	ZBTB7A
ZNF9	CNBP
ZNF902	MYNN
ZNF91	ZNF91
ZNF912	PLAG1
ZNFN1A1	IKZF1
ZNFN3A1	SMYD3
ZNRD1	POLR1H
ZNRP	RBM8A
ZOG	DLK1
ZR14	POLR1H
ZRNP1	RBM8A
ZRSR2	ZRSR2
ZSG	PATZ1
ZYME	BMP4
ag3	CD58
alphaGMR	CSF2RA
altFUS	FUS
amida	TFPT
aph-1beta	APH1B
armadillo	CTNNB1
arpNalpha	ACTL6B
aurkb-sv1	AURKB
aurkb-sv2	AURKB
aurora-C	AURKC
aviD	DICER1
b	ELF2
bA119F19.1	NUTM2B
bA119F7.1	TET1
bA145E8.1	ANKRD26
bA165P4.1	CNTRL
bA375E1.3	SPDEF
bA386N14.2	KDM6A
bA408E5.3	TUBA3C
bA506K6.1	TUBB2B
bA517O1.1	STAG2
bA574F11.2	PDCD1LG2
bA631M21.2	TUBB8
bA74P14.1	SMYD3
bFGF-R-1	FGFR1
bHLHa17	TAL1
bHLHa18	LYL1
bHLHa46	ASCL1
bHLHb20	TCF12
bHLHb21	TCF3
bHLHb25	ID3
bHLHc1	MYOD1
bHLHd4	MAX
bHLHe19	OLIG2
bHLHe2	ARNT
bHLHe32	MITF
bHLHe33	TFE3
bHLHe37	MYCN
bHLHe38	MYCL
bHLHe39	MYC
bHLHe42	NCOA1
bHLHe73	EPAS1
bHLHe74	NCOA1
bHLHe75	NCOA2
bHLHe78	HIF1A
bcl2-L-3	MCL1
bcm948	TUBA1C
bcr/abl	ABL1
beta-4	TUBB3
beta-5	TUBB4A
beta1i	PSMB9
beta2i	PSMB10
c-ABL	ABL1
c-ABL1	ABL1
c-E10	BCL10
c-ERB-2	ERBB2
c-ERB2	ERBB2
c-Eyk	MERTK
c-IAP1	BIRC2
c-IAP2	BIRC3
c-Jun	JUN
c-Ki-ras	KRAS
c-Ki-ras2	KRAS
c-MAF	MAF
c-Met	MET
c-Myc	MYC
c-Raf	RAF1
c-SRC	SRC
c-erbB-3	ERBB3
c-erbB3	ERBB3
c-ets-1	ETS1
c-fgr	FGR
c-mer	MERTK
c-myb	MYB
c-myb_CDS	MYB
c-ros-1	ROS1
c-sis	PDGFB
c-src2	FGR
c14_5320	FRMD6
cADPR1	CD38
cC1qR	CALR
cIAP1	BIRC2
cJUN	JUN
cN-II	NT5C2
cNOS	NOS3
crg-2	CXCL10
cybS	SDHD
dJ1111A8.1	USH2A
dJ142L7.2	TUBE1
dJ353E16.2	MN1
dJ400N23	PATZ1
dJ509I19.2	ECT2L
dJ509I19.3	ECT2L
dJ509I19.5	ECT2L
dJ537F10.1	ROR1
dJ889N15.2	PSMD10
dJ94G16.2	GOPC
delta4	DLL4
eIF-4A-II	EIF4A2
eIF3-gamma	EIF3H
eIF3-p40	EIF3H
eIF4A-II	EIF4A2
eL33	RPL35A
eNOS	NOS3
eS17	RPS17
eS19	RPS19
eS24	RPS24
eS7	RPS7
efg	MYB
emb	XPO1
erbB3-S	ERBB3
erg-3	ERG
exp1	XPO1
gIP-10	CXCL10
gp100	PMEL
gp145(trkC)	NTRK3
gp80	IL6R
hAVO3	RICTOR
hAgo	FBXW7
hBRM	SMARCA2
hBUBR1	BUB1B
hBlm10	PSME4
hCPE-R	CLDN4
hCdc4	FBXW7
hCds1	CHEK2
hClp1	CLP1
hDH V	FUBP1
hDIS3L2	DIS3L2
hELD	ARID1A
hEST2	TERT
hFKH1B	FOXP1
hFat1	FAT1
hFat3	FAT3
hFip1	FIP1L1
hGK-1	KLK2
hHRT1	HEY1
hIAP-3	XIAP
hIAP3	XIAP
hIL-3Ra	IL3RA
hILP2	BIRC8
hK2	KLK2
hK3	KLK3
hKNL-1	KNL1
hLKB1	STK11
hMITA	STING1
hMLH1	MLH1
hMSH2	MSH2
hMpn1	USB1
hN-CoR	NCOR1
hN1	NOTCH1
hN2	NOTCH2
hNbs1	NBN
hOSA1	ARID1A
hPD-1	PDCD1
hPD-L1	CD274
hPD-l	PDCD1
hPER	PER1
hPMS1	PMS1
hRIT1-alpha	BCL11B
hRTEF-1B	TEAD4
hRad50	RAD50
hSDH5	SDHAF2
hSF-1	NR5A1
hSLE1	PDCD1
hSNF2a	SMARCA2
hSNF2b	SMARCA4
hSNFS	SMARCB1
hSTING	STING1
hSpc105	KNL1
hSpred1	SPRED1
hTIF1	TRIM24
hTR	TERC
hTRT	TERT
hTSHR-I	TSHR
hUsb1	USB1
hZR14	POLR1H
hdelta2	DLL4
hdm2	MDM2
hluPGFS	AKR1C3
hscp30	TPM3
huCDC7	CDC7
hucep-6	BAP1
iRhom2	RHBDF2
l-afadin	AFDN
lnc-IL7R	IL7R
lncPSCA	PSCA
lymphokine	IL2
m.HsaI	DNMT1
mE10	BCL10
mENA	EGFR
mGCP	FOLH1
mNADP-IDH	IDH2
mcl1/EAT	MCL1
merlin-1	NF2
mob-1	CXCL10
nPKC-delta	PRKCD
nPKC-epsilon	PRKCE
nPKC-eta	PRKCH
nPKC-iota	PRKCI
nPKC-theta	PRKCQ
p100	NFKB2
p105-Rb	RB1
p110-RB1	RB1
p110-alpha	PIK3CA
p110D	PIK3CD
p110gamma	PIK3CG
p120	RASA1
p120-PI3K	PIK3CG
p120GAP	RASA1
p120RASGAP	RASA1
p125	XPC
p125FAK	PTK2
p140-TrkA	NTRK1
p150TSP	CTR9
p15INK4b	CDKN2B
p160	MSH6
p170	A2ML1
p18	CDKN2C
p18-INK4C	CDKN2C
p180-ErbB3	ERBB3
p180erbB4	ERBB4
p185(erbB2)	ERBB2
p185-Ron	MST1R
p193	PARP4
p200	ARID2
p21CIP1	CDKN1A
p21ras	HRAS
p220	NPAT
p231HBP	SETD2
p27	PSMD9
p27K	PSMA6
p28	PSMD10
p28(GANK)	PSMD10
p300	EP300
p31	PSMD8
p33	CD74
p33(CDK2)	CDK2
p350	PRKDC
p38-2	MAPK11
p38ALPHA	MAPK14
p38Beta	MAPK11
p39	JUN
p39MO15	CDK7
p40.5	PSMD13
p41	MAPK1
p41mapk	MAPK1
p42	PSMC6
p42-MAPK	MAPK1
p42A	PSMD6
p44-ERK1	MAPK3
p44-MAPK	MAPK3
p44.5	PSMD11
p44S10	PSMD6
p45	PSMC5
p45-sErbB3	ERBB3
p45/SUG	PSMC5
p49/p100	NFKB2
p50	CD40
p51	TP63
p53CP	TP63
p53Lyn	LYN
p54	ETS1
p55-Fgr	FGR
p55c-fgr	FGR
p56	PSMC1
p56Lyn	LYN
p56lck	LCK
p57	CDKN1C
p57Kip2	CDKN1C
p58-Fgr	FGR
p58c-fgr	FGR
p59-FYN	FYN
p59Hck	HCK
p60-Src	SRC
p61Hck	HCK
p63	TP63
p64	TCF12
p65	RELA
p67	CD33
p68	DDX5
p70 S6KA	RPS6KB1
p70(S6K)-alpha	RPS6KB1
p70-S6K	RPS6KB1
p70-alpha	RPS6KB1
p72-Syk	SYK
p73H	TP63
p73L	TP63
p85-ALPHA	PIK3R1
p85-BETA	PIK3R2
p85-sErbB3	ERBB3
p85alpha	PIK3R1
p85beta	PIK3R2
p8MTCP1	MTCP1
p90	TFRC
pADPRT-1	PARP1
pADPRT-2	PARP2
pART14	TIPARP
pART15	PARP16
pART16	PARP8
pART17	PARP6
pART5	TNKS
pART6	TNKS2
pART7	PARP15
pART8	PARP14
pCCNE1	CCNE1
pG2	DLK1
pHZ-67	ZBTB17
pRb	RB1
pUB-R5	PSMD4
pVHL	VHL
pasha	DGCR8
pokemon	ZBTB7A
pp10122	STXBP2
pp110	RB1
pp125FAK	PTK2
pp58lck	LCK
pro-NRG3	NRG3
psiNAIP	NAIP
qkf	KAT6B
querkopf	KAT6B
ret-II	GOLGA5
sGP130	IL6ST
sIL-7R	IL7R
skNAC	NACA
spred-1	SPRED1
tal-1	TAL1
tbetaR-I	TGFBR1
tbetaR-II	TGFBR2
tctex-6	POLR1H
tmp494178	CTC1
trk-B	NTRK2
uL5	RPL11
uORF2	PRKCH
ula-1	NAE1
unc-18B	STXBP2
v-abl	ABL1
wts	LATS1
zcytor5	CRLF1
